MSFT_Date,MSFT_Open,MSFT_High,MSFT_Low,MSFT_Close,MSFT_Adj Close,MSFT_Volume,AMZN_Date,AMZN_Open,AMZN_High,AMZN_Low,AMZN_Close,AMZN_Adj Close,AMZN_Volume,META_Date,META_Open,META_High,META_Low,META_Close,META_Adj Close,META_Volume,GOOG_Date,GOOG_Open,GOOG_High,GOOG_Low,GOOG_Close,GOOG_Adj Close,GOOG_Volume,AAPL_Date,AAPL_Open,AAPL_High,AAPL_Low,AAPL_Close,AAPL_Adj Close,AAPL_Volume
11/9/21,337.109985,338.720001,334.529999,335.950012,333.15979,21307400,11/9/21,175.762497,179.688507,175.071503,178.811493,178.811493,85898000,11/9/21,340,341.309998,334.470001,335.369995,335.369995,17556700,11/9/21,149.746002,150.378494,147.507004,149.248505,149.248505,16876000,11/9/21,150.199997,151.429993,150.059998,150.809998,149.939758,56787900
11/10/21,334.570007,334.630005,329.920013,330.799988,328.052551,25500900,11/10/21,178.193497,180.272507,173.154495,174.102493,174.102493,80548000,11/10/21,332.48999,333.190002,325.51001,327.640015,327.640015,21872600,11/10/21,148.00975,148.699997,145.324997,146.626007,146.626007,22708000,11/10/21,150.020004,150.130005,147.850006,147.919998,147.066467,65187100
11/11/21,331.25,333.769989,330.51001,332.429993,329.669006,16849800,11/11/21,175.649994,177.162003,173.373505,173.625,173.625,45288000,11/11/21,329.820007,332.459991,327,327.73999,327.73999,12376600,11/11/21,147.106995,148.502243,146.694504,146.748001,146.748001,12464000,11/11/21,148.960007,149.429993,147.679993,147.869995,147.016739,41000000
11/12/21,333.920013,337.230011,333.790009,336.720001,333.92337,23831000,11/12/21,174.25,177.036499,172.352493,176.257507,176.257507,53788000,11/12/21,330.179993,341.859985,329.779999,340.890015,340.890015,25414300,11/12/21,147.831497,149.859497,146.453995,149.645493,149.645493,17048000,11/12/21,148.429993,150.399994,147.479996,149.990005,149.124527,63804000
11/15/21,337.540009,337.880005,334.029999,336.070007,333.278778,16723000,11/15/21,176.850006,179.694,176.290497,177.283997,177.283997,58594000,11/15/21,344.339996,353.649994,343.200012,347.559998,347.559998,25076600,11/15/21,150,150.477005,148.652496,149.388,149.388,16248000,11/15/21,150.369995,151.880005,149.429993,150,149.13446,59222800
11/16/21,335.679993,340.670013,335.51001,339.51001,336.690216,20886800,11/16/21,176.949997,178.824997,176.257507,177.035004,177.035004,44342000,11/16/21,343.829987,346.649994,340.869995,342.959991,342.959991,18181100,11/16/21,149.170502,149.832504,148.350006,149.076004,149.076004,17254000,11/16/21,149.940002,151.490005,149.339996,151,150.128677,59256200
11/17/21,338.940002,342.190002,338,339.119995,336.918701,19053400,11/17/21,178.235992,179.362503,177.267502,177.449997,177.449997,51206000,11/17/21,344.23999,347.299988,340.100006,340.769989,340.769989,13602800,11/17/21,149.229004,149.626007,148.563004,149.061996,149.061996,15290000,11/17/21,151,155,150.990005,153.490005,152.604324,88807000
11/18/21,338.179993,342.450012,337.119995,341.269989,339.054749,22463500,11/18/21,178.317505,185.210007,178.050003,184.802994,184.802994,114070000,11/18/21,339.720001,342.459991,335.299988,338.690002,338.690002,17487200,11/18/21,149.145996,151.610001,148.998505,150.709,150.709,26658000,11/18/21,153.710007,158.669998,153.050003,157.869995,156.95903,137827700
11/19/21,342.640015,345.100006,342.200012,343.109985,340.882813,21963400,11/19/21,185.634506,188.107498,183.785995,183.828506,183.828506,98734000,11/19/21,342.200012,352.100006,339.899994,345.299988,345.299988,26488500,11/19/21,151,151.850006,149.887497,149.952499,149.952499,19766000,11/19/21,157.649994,161.020004,156.529999,160.550003,159.623566,117305600
11/22/21,344.619995,349.670013,339.549988,339.829987,337.624084,31031100,11/22/21,183.819,185.673004,178.375,178.628494,178.628494,96844000,11/22/21,349.049988,353.829987,340.51001,341.01001,341.01001,27116800,11/22/21,150.141754,150.744507,147.005493,147.078506,147.078506,24608000,11/22/21,161.679993,165.699997,161,161.020004,160.090866,117467900
11/23/21,337.049988,339.450012,333.559998,337.679993,335.488068,30427600,11/23/21,179.251999,181.052505,176.385498,179.001999,179.001999,73804000,11/23/21,338.929993,341.399994,333.5,337.25,337.25,17225000,11/23/21,147.113007,147.694,144.889496,146.757004,146.757004,18126000,11/23/21,161.119995,161.800003,159.059998,161.410004,160.478638,96041900
11/24/21,336.279999,338.160004,333.910004,337.910004,335.716553,21661300,11/24/21,178.133499,180.682007,176.842499,179.020493,179.020493,46560000,11/24/21,336,341.779999,332.809998,341.059998,341.059998,13566200,11/24/21,146.350006,147,145.199005,146.717499,146.717499,16464000,11/24/21,160.75,162.139999,159.639999,161.940002,161.005554,69463600
11/26/21,334.350006,337.929993,328.119995,329.679993,327.539978,24217200,11/26/21,180.104996,181.675003,175.207504,175.227997,175.227997,59826000,11/26/21,335.799988,337.75,331.899994,333.119995,333.119995,14750700,11/26/21,145.015503,145.296997,142.485504,142.806,142.806,16992000,11/26/21,159.570007,160.449997,156.360001,156.809998,155.905167,76959800
11/29/21,334.940002,339.029999,334.73999,336.630005,334.444885,28563500,11/29/21,177.382004,179.800003,176.574997,178.078506,178.078506,65312000,11/29/21,336.890015,340.670013,335.309998,338.029999,338.029999,16650900,11/29/21,144.298492,146.862,144.298492,146.113998,146.113998,26276000,11/29/21,159.369995,161.190002,158.789993,160.240005,159.315369,88748200
11/30/21,335.320007,337.779999,328.98999,330.589996,328.444061,42885600,11/30/21,178.175003,179.288498,174.600494,175.3535,175.3535,80022000,11/30/21,335,335.809998,323.429993,324.459991,324.459991,25390000,11/30/21,145.450256,146.628494,142.065994,142.451996,142.451996,41590000,11/30/21,159.990005,165.520004,159.919998,165.300003,164.346176,174048100
12/1/21,335.130005,339.279999,329.390015,330.079987,327.937408,33337600,12/1/21,177.25,177.994003,172.080002,172.186005,172.186005,74916000,12/1/21,330.290009,330.5,310.290009,310.600006,310.600006,30329600,12/1/21,144.212494,146.499146,141.5,141.617996,141.617996,28476000,12/1/21,167.479996,170.300003,164.529999,164.770004,163.819229,152052500
12/2/21,330.299988,333.48999,327.799988,329.48999,327.351227,30766000,12/2/21,173,174.634995,171.1875,171.867996,171.867996,64726000,12/2/21,311.399994,314.600006,307.200012,310.390015,310.390015,24396200,12/2/21,141.824005,144.675003,140.981995,143.776505,143.776505,21250000,12/2/21,158.740005,164.199997,157.800003,163.759995,162.815063,136739200
12/3/21,331.98999,332.700012,318.029999,323.01001,320.9133,41779300,12/3/21,172.75,173.4935,166.929993,169.489502,169.489502,80712000,12/3/21,313.730011,313.75,299.5,306.839996,306.839996,27471000,12/3/21,144.495499,145.212997,141.149994,142.520493,142.520493,26688000,12/3/21,164.020004,164.960007,159.720001,161.839996,160.906143,118023100
12/6/21,323.950012,327.450012,319.230011,326.190002,324.072662,30032600,12/6/21,169.649994,173.695496,166.934494,171.3685,171.3685,68860000,12/6/21,308.130005,320.100006,306.339996,317.869995,317.869995,21758300,12/6/21,143.574005,144.351501,140.647003,143.796494,143.796494,22198000,12/6/21,164.289993,167.880005,164.279999,165.320007,164.366058,107497000
12/7/21,331.640015,335.799988,330.100006,334.920013,332.745972,31021900,12/7/21,174.600006,177.499496,173.334503,176.164505,176.164505,66410000,12/7/21,321.570007,326.540009,321,322.809998,322.809998,18794000,12/7/21,145.949997,148.300003,145.702499,148.036499,148.036499,23258000,12/7/21,169.080002,171.580002,168.339996,171.179993,170.192245,120405400
12/8/21,335.309998,335.5,330.799988,334.970001,332.795654,24761000,12/8/21,176.150497,177.179993,174.750504,176.158005,176.158005,45254000,12/8/21,325,332.75,323.070007,330.559998,330.559998,19937700,12/8/21,148.331497,149.156494,147.199997,148.720505,148.720505,18964000,12/8/21,172.130005,175.960007,170.699997,175.080002,174.069733,116998900
12/9/21,334.410004,336.48999,332.119995,333.100006,330.937775,22214200,12/9/21,175.75,176.969498,174.139496,174.171005,174.171005,46062000,12/9/21,329.540009,336.130005,328,329.820007,329.820007,16879200,12/9/21,148.175995,149.604996,147.529007,148.106003,148.106003,18580000,12/9/21,174.910004,176.75,173.919998,174.559998,173.552734,108923700
12/10/21,334.980011,343,334.790009,342.540009,340.316528,38095700,12/10/21,175.417007,175.927002,170.5,172.212006,172.212006,60690000,12/10/21,332.559998,335.029999,326.369995,329.75,329.75,14528000,12/10/21,149.100006,149.399994,147.357498,148.675003,148.675003,21634000,12/10/21,175.210007,179.630005,174.690002,179.449997,178.41452,115402700
12/13/21,340.679993,343.790009,339.079987,339.399994,337.196869,28899400,12/13/21,172,172.100006,169.130005,169.567505,169.567505,62170000,12/13/21,330.950012,341.089996,329.589996,334.48999,334.48999,22948700,12/13/21,148.444,148.5625,146.360001,146.704498,146.704498,24104000,12/13/21,181.119995,182.130005,175.529999,175.740005,174.725937,153237000
12/14/21,333.220001,334.640015,324.109985,328.339996,326.208679,44438700,12/14/21,167.550003,169.498993,166.440002,169.091507,169.091507,55976000,12/14/21,328.049988,335.700012,327.649994,333.73999,333.73999,20461000,12/14/21,144.770004,145.442001,142.242493,144.970505,144.970505,24778000,12/14/21,175.25,177.740005,172.210007,174.330002,173.324066,139380400
12/15/21,328.609985,335.190002,324.5,334.649994,332.477722,35381100,12/15/21,168.598007,173.600006,165.195007,173.315002,173.315002,75794000,12/15/21,332.48999,342.109985,323.980011,341.660004,341.660004,24681300,12/15/21,144.365997,147.517242,142.705505,147.3685,147.3685,27280000,12/15/21,175.110001,179.5,172.309998,179.300003,178.265396,131063300
12/16/21,335.709991,336.76001,323.019989,324.899994,322.791016,35034800,12/16/21,173.3685,174.166,168.160507,168.871002,168.871002,60876000,12/16/21,338.980011,344.459991,333.73999,334.899994,334.899994,22635000,12/16/21,148.076996,148.551498,144.092499,144.838501,144.838501,27400000,12/16/21,179.279999,181.139999,170.75,172.259995,171.265991,150185800
12/17/21,320.880005,324.920013,317.25,323.799988,321.698151,47750300,12/17/21,167.710495,170.898499,165.613495,170.017502,170.017502,85542000,12/17/21,332.799988,337.109985,330.75,333.790009,333.790009,40012600,12/17/21,142.714493,144.460098,141.787994,142.802994,142.802994,43404000,12/17/21,169.929993,173.470001,169.690002,171.139999,170.152466,195432700
12/20/21,320.049988,322.799988,317.570007,319.910004,317.833405,28326500,12/20/21,166.850006,167.874496,165.600006,167.078995,167.078995,57372000,12/20/21,329.779999,329.899994,322.529999,325.450012,325.450012,17901800,12/20/21,140.679596,142.610504,140.25,142.401505,142.401505,20264000,12/20/21,168.279999,170.580002,167.460007,169.75,168.770493,107499100
12/21/21,323.290009,327.730011,319.799988,327.290009,325.165497,24740600,12/21/21,167.850494,170.716507,165.647507,170.417007,170.417007,55956000,12/21/21,326.410004,336,323.75,334.200012,334.200012,16116800,12/21/21,143.149994,144.692047,141.735001,144.220505,144.220505,19548000,12/21/21,171.559998,173.199997,169.119995,172.990005,171.991791,91185900
12/22/21,328.299988,333.609985,325.75,333.200012,331.03717,24831500,12/22/21,169.270004,172.050003,168.500504,171.037003,171.037003,55036000,12/22/21,333.799988,334.51001,328.26001,330.450012,330.450012,16764600,12/22/21,144.100006,147.302994,143.962997,146.949005,146.949005,18438000,12/22/21,173.039993,175.860001,172.149994,175.639999,174.626495,92135300
12/23/21,332.75,336.390015,332.730011,334.690002,332.517456,19617800,12/23/21,170.427994,171.975006,170.149994,171.068497,171.068497,36788000,12/23/21,330.100006,336.670013,328.359985,335.23999,335.23999,13987700,12/23/21,147.089493,148.572601,146.950851,147.142502,147.142502,13818000,12/23/21,175.850006,176.850006,175.270004,176.279999,175.262802,68356600
12/27/21,335.459991,342.480011,335.429993,342.450012,340.227112,19947000,12/27/21,171.037003,172.942993,169.2155,169.669495,169.669495,58688000,12/27/21,338.850006,347.869995,338.01001,346.179993,346.179993,17795000,12/27/21,147.463501,148.426498,147.25,148.063995,148.063995,13256000,12/27/21,177.089996,180.419998,177.070007,180.330002,179.289459,74919600
12/28/21,343.149994,343.809998,340.320007,341.25,339.034882,15661500,12/28/21,170.182495,172.175995,169.135498,170.660995,170.660995,54638000,12/28/21,346.630005,352.709991,345.200012,346.220001,346.220001,16637600,12/28/21,148.374496,148.374496,145.935501,146.447998,146.447998,18624000,12/28/21,180.160004,181.330002,178.529999,179.289993,178.255432,79144300
12/29/21,341.299988,344.299988,339.679993,341.950012,339.730377,15042000,12/29/21,170.839996,171.212006,168.600494,169.201004,169.201004,35754000,12/29/21,346.910004,349.690002,341.640015,342.940002,342.940002,10747000,12/29/21,146.429504,147.183746,145.504501,146.504501,146.504501,17022000,12/29/21,179.330002,180.630005,178.139999,179.380005,178.344925,62348900
12/30/21,341.910004,343.130005,338.820007,339.320007,337.117432,15994500,12/30/21,169.699997,170.888,168.524002,168.644501,168.644501,37584000,12/30/21,344,347.230011,343.220001,344.359985,344.359985,10593300,12/30/21,146.449997,147.0625,145.758499,146.002502,146.002502,12978000,12/30/21,179.470001,180.570007,178.089996,178.199997,177.171738,59773000
12/31/21,338.51001,339.359985,335.850006,336.320007,334.136902,18000800,12/31/21,168.955994,169.350006,166.558502,166.716995,166.716995,47830000,12/31/21,343.019989,343.440002,336.269989,336.350006,336.350006,12870500,12/31/21,145.544006,146.365005,144.677505,144.679504,144.679504,17298000,12/31/21,178.089996,179.229996,177.259995,177.570007,176.54538,64062300
1/3/22,335.350006,338,329.779999,334.75,332.577087,28865100,1/3/22,167.550003,170.703506,166.160507,170.404495,170.404495,63520000,1/3/22,338.299988,341.079987,337.190002,338.540009,338.540009,14537900,1/3/22,144.475494,145.550003,143.502502,145.074493,145.074493,25214000,1/3/22,177.830002,182.880005,177.710007,182.009995,180.959747,104487900
1/4/22,334.829987,335.200012,326.119995,329.01001,326.874359,32674300,1/4/22,170.438004,171.399994,166.349503,167.522003,167.522003,70726000,1/4/22,339.950012,343.089996,331.869995,336.529999,336.529999,15998000,1/4/22,145.550507,146.610001,143.816147,144.416504,144.416504,22928000,1/4/22,182.630005,182.940002,179.119995,179.699997,178.663071,99310400
1/5/22,325.859985,326.070007,315.980011,316.380005,314.326355,40054300,1/5/22,166.882996,167.126495,164.356995,164.356995,164.356995,64302000,1/5/22,333.019989,335.76001,323.839996,324.170013,324.170013,20564500,1/5/22,144.181,144.298004,137.523499,137.653503,137.653503,49642000,1/5/22,179.610001,180.169998,174.639999,174.919998,173.91066,94537600
1/6/22,313.149994,318.700012,311.48999,313.880005,311.84256,39646100,1/6/22,163.4505,164.800003,161.936996,163.253998,163.253998,51958000,1/6/22,322.820007,339.170013,322.720001,332.459991,332.459991,27962800,1/6/22,137.497498,139.686005,136.763504,137.550995,137.550995,29050000,1/6/22,172.699997,175.300003,171.639999,172,171.007507,96904000
1/7/22,314.149994,316.5,310.089996,314.040009,312.001526,32720000,1/7/22,163.839005,165.2435,162.031006,162.554001,162.554001,46606000,1/7/22,332.73999,337,328.880005,331.790009,331.790009,14722000,1/7/22,137.904999,138.254745,135.789001,137.004501,137.004501,19408000,1/7/22,172.889999,174.139999,171.029999,172.169998,171.176544,86709100
1/10/22,309.48999,314.720001,304.690002,314.269989,312.230042,44289500,1/10/22,160.585495,161.661499,156.304504,161.485992,161.485992,87798000,1/10/22,325.309998,328.339996,315.429993,328.070007,328.070007,24942400,1/10/22,135.098999,138.639999,133.140503,138.574005,138.574005,34096000,1/10/22,169.080002,172.5,168.169998,172.190002,171.196411,106765600
1/11/22,313.380005,316.609985,309.890015,314.980011,312.935455,29386800,1/11/22,161.5,166.350006,160.701508,165.362,165.362,62806000,1/11/22,326.779999,334.630005,325.279999,334.369995,334.369995,16226800,1/11/22,138.180496,140.329498,136.813507,140.017502,140.017502,23502000,1/11/22,172.320007,175.179993,170.820007,175.080002,174.069733,76138300
1/12/22,319.670013,323.410004,317.079987,318.269989,316.204041,34372200,1/12/22,166.574997,166.878006,164.417007,165.207001,165.207001,50030000,1/12/22,335.179993,336.369995,330.029999,333.26001,333.26001,14104900,1/12/22,141.554504,142.814255,141.112,141.647995,141.647995,23642000,1/12/22,176.119995,177.179993,174.820007,175.529999,174.517136,74805200
1/13/22,320.470001,320.880005,304,304.799988,302.821503,45366000,1/13/22,165.250504,166.221497,161.091003,161.214005,161.214005,52188000,1/13/22,334.980011,335.630005,325.76001,326.480011,326.480011,14797100,1/13/22,141.8405,143.185501,138.914001,139.130997,139.130997,26566000,1/13/22,175.779999,176.619995,171.789993,172.190002,171.196411,84505800
1/14/22,304.25,310.820007,303.75,310.200012,308.186462,39846400,1/14/22,160.149994,162.25,159.800507,162.138,162.138,45974000,1/14/22,321.790009,332.730011,321.209991,331.899994,331.899994,16868500,1/14/22,137.5,141.2005,137.5,139.786499,139.786499,23826000,1/14/22,171.339996,173.779999,171.089996,173.070007,172.07135,80440800
1/18/22,304.070007,309.799988,301.73999,302.649994,300.685455,42333200,1/18/22,159.104996,159.734497,157.664505,158.917496,158.917496,67292000,1/18/22,323.290009,324.209991,317.640015,318.149994,318.149994,22645600,1/18/22,136.600006,137.391495,135.617004,136.290497,136.290497,27382000,1/18/22,171.509995,172.539993,169.410004,169.800003,168.820206,90956700
1/19/22,306.290009,313.910004,302.700012,303.329987,301.360992,45933900,1/19/22,158.761993,159.25,156.25,156.298996,156.298996,53242000,1/19/22,319.579987,327.100006,319.329987,319.589996,319.589996,20814700,1/19/22,136.938507,138.399506,135.5,135.651993,135.651993,20796000,1/19/22,170,171.080002,165.940002,166.229996,165.270813,94815000
1/20/22,309.070007,311.649994,301.140015,301.600006,299.642242,35380700,1/20/22,156.766006,158,151.350998,151.667496,151.667496,71974000,1/20/22,323.899994,327.820007,315.980011,316.559998,316.559998,16925000,1/20/22,136.514008,137.912003,133.144501,133.5065,133.5065,21930000,1/20/22,166.979996,169.679993,164.179993,164.509995,163.560715,91420500
1/21/22,302.690002,304.109985,295.609985,296.029999,294.108429,57984400,1/21/22,149.949997,150.899994,142.070496,142.643005,142.643005,163972000,1/21/22,314.809998,318.309998,303.040009,303.170013,303.170013,28710700,1/21/22,133.011993,134.760498,130.001007,130.091995,130.091995,41920000,1/21/22,164.419998,166.330002,162.300003,162.410004,161.472839,122848900
1/24/22,292.200012,297.109985,276.049988,296.369995,294.446228,85731500,1/24/22,139,144.945007,135.352005,144.544006,144.544006,155624000,1/24/22,297.839996,309.529999,289.01001,308.709991,308.709991,38878100,1/24/22,126.027496,130.778503,124.641953,130.371994,130.371994,55148000,1/24/22,160.020004,162.300003,154.699997,161.619995,160.687408,162294600
1/25/22,291.519989,294.98999,285.170013,288.48999,286.61734,72848600,1/25/22,142.242493,143.600006,138.145004,139.985992,139.985992,90824000,1/25/22,299.950012,306.230011,297.579987,300.149994,300.149994,25108500,1/25/22,128.435501,129.338501,126.377998,126.735497,126.735497,36008000,1/25/22,158.979996,162.759995,157.020004,159.779999,158.858017,115798400
1/26/22,307.98999,308.5,293.029999,296.709991,294.783997,90428900,1/26/22,144.75,145.184998,137.318497,138.872498,138.872498,95602000,1/26/22,307.01001,307.51001,290.850006,294.630005,294.630005,28348800,1/26/22,130.592499,132.807495,127.153503,129.240005,129.240005,39630000,1/26/22,163.5,164.389999,157.820007,159.690002,158.768539,108275300
1/27/22,302.660004,307.299988,297.929993,299.839996,297.893677,53481300,1/27/22,140.800003,144.2435,139.350006,139.637497,139.637497,77516000,1/27/22,297.75,301.709991,294.26001,294.640015,294.640015,21629900,1/27/22,131.360992,132.609955,128.945007,129.121002,129.121002,30248000,1/27/22,162.449997,163.839996,158.279999,159.220001,158.301254,121954600
1/28/22,300.230011,308.480011,294.450012,308.26001,306.259033,49743700,1/28/22,140.860504,143.998001,137.929504,143.977997,143.977997,74392000,1/28/22,295.619995,301.899994,293.029999,301.709991,301.709991,21871600,1/28/22,130,133.370499,128.694504,133.289505,133.289505,30518000,1/28/22,165.710007,170.350006,162.800003,170.330002,169.347153,179935700
1/31/22,308.950012,312.380005,306.369995,310.980011,308.961395,46444500,1/31/22,144.75,150.360504,144.300507,149.573502,149.573502,78308000,1/31/22,300.679993,313.790009,299.320007,313.26001,313.26001,21579500,1/31/22,134.197998,135.843506,132.274002,135.698502,135.698502,34056000,1/31/22,170.160004,175,169.509995,174.779999,173.771454,115541600
2/1/22,310.410004,310.630005,305.130005,308.76001,306.755768,40950400,2/1/22,150,151.707993,147.627502,151.193497,151.193497,59220000,2/1/22,314.559998,319.660004,312.119995,319,319,18023800,2/1/22,137.835007,138.199997,134.568253,137.878494,137.878494,51204000,2/1/22,174.009995,174.839996,172.309998,174.610001,173.602448,86213900
2/2/22,309.630005,315.119995,308.880005,313.459991,311.425262,36636000,2/2/22,155.050507,155.074997,148.863495,150.612503,150.612503,87330000,2/2/22,327.820007,328,316.869995,323,323,58458300,2/2/22,151.863495,152.100006,145.557495,148.036499,148.036499,89750000,2/2/22,174.75,175.880005,173.330002,175.839996,174.825348,84914300
2/3/22,309.48999,311.230011,299.959991,301.25,299.294556,43730000,2/3/22,141.737503,144.247498,138.332993,138.845505,138.845505,225532000,2/3/22,244.649994,248,235.75,237.759995,237.759995,188119900,2/3/22,145.294998,149.117706,142.205002,142.650497,142.650497,56930000,2/3/22,174.479996,176.240005,172.119995,172.899994,171.902313,89418100
2/4/22,300.209991,308.799988,299.970001,305.940002,303.954102,35096500,2/4/22,155.606506,161.199997,150.608002,157.639496,157.639496,253456000,2/4/22,234.970001,242.610001,230.110001,237.089996,237.089996,89342200,2/4/22,143.016998,144.535248,139.817505,143.016006,143.016006,49224000,2/4/22,171.679993,174.100006,170.679993,172.389999,171.613632,82465400
2/7/22,306.170013,307.839996,299.899994,300.950012,298.99649,28533300,2/7/22,158.520004,162.690994,157.25,157.935501,157.935501,102624000,2/7/22,237.699997,238.300003,224.009995,224.910004,224.910004,88613800,2/7/22,143.709,143.846497,138.699005,138.938004,138.938004,44610000,2/7/22,172.860001,173.949997,170.949997,171.660004,170.886917,77251200
2/8/22,301.25,305.559998,299.950012,304.559998,302.583038,32421200,2/8/22,156.750504,161.792496,155.550507,161.413498,161.413498,76040000,2/8/22,220.850006,225.770004,216.149994,220.179993,220.179993,94729700,2/8/22,138.991257,139.837097,136.873001,139.212997,139.212997,34256000,2/8/22,171.729996,175.350006,171.429993,174.830002,174.042648,74829200
2/9/22,309.869995,311.929993,307.390015,311.209991,309.18988,31284700,2/9/22,162.873505,163.834503,160.25,161.189499,161.189499,68786000,2/9/22,224.199997,233.369995,222.210007,232,232,86563300,2/9/22,140.849747,142.175507,140.376999,141.453003,141.453003,28628000,2/9/22,176.050003,176.649994,174.899994,176.279999,175.486099,71285000
2/10/22,304.040009,309.119995,300.700012,302.380005,300.417206,45386200,2/10/22,158.350006,160.716507,157.75,159.003494,159.003494,68268000,2/10/22,228.270004,235,226.699997,228.070007,228.070007,49310400,2/10/22,139.5,141.431,138.050003,138.602493,138.602493,33018000,2/10/22,174.139999,175.479996,171.550003,172.119995,171.344833,90865900
2/11/22,303.190002,304.290009,294.220001,295.040009,293.124878,39175600,2/11/22,158.134506,159,152.733994,153.293503,153.293503,77100000,2/11/22,228.460007,230.419998,218.770004,219.550003,219.550003,46156900,2/11/22,138.75,139.283249,133.288498,134.130005,134.130005,38808000,2/11/22,172.330002,173.080002,168.039993,168.639999,167.880524,98670700
2/14/22,293.769989,296.76001,291.350006,295,293.085114,36359500,2/14/22,151.751007,158.448502,151.649994,155.167007,155.167007,83230000,2/14/22,219.309998,221,214.779999,217.699997,217.699997,38184000,2/14/22,133.365494,136.166504,133.302002,135.300003,135.300003,26792000,2/14/22,167.369995,169.580002,166.559998,168.880005,168.119446,86185500
2/15/22,300.01001,300.799988,297.019989,300.470001,298.519623,27058300,2/15/22,157.605499,158.007004,154.637497,156.510498,156.510498,56440000,2/15/22,220.470001,221.149994,215.059998,221,221,42685500,2/15/22,137.471497,137.899994,135.539505,136.425507,136.425507,26578000,2/15/22,170.970001,172.949997,170.25,172.789993,172.011826,62527400
2/16/22,298.369995,300.869995,293.679993,299.5,298.171173,29982100,2/16/22,155.790497,158.834,154.734497,158.100494,158.100494,52704000,2/16/22,212.410004,217.460007,212.360001,216.539993,216.539993,45817500,2/16/22,136.430496,137.945999,134.823654,137.487503,137.487503,25610000,2/16/22,171.850006,173.339996,170.050003,172.550003,171.772919,61177400
2/17/22,296.359985,296.799988,290,290.730011,289.440094,32461600,2/17/22,158.145996,160.348999,154.5,154.652496,154.652496,64032000,2/17/22,214.020004,217.5,207.160004,207.710007,207.710007,38747500,2/17/22,136.149994,136.839493,132.201996,132.308502,132.308502,30968000,2/17/22,171.029999,171.910004,168.470001,168.880005,168.119446,69589300
2/18/22,293.049988,293.859985,286.309998,287.929993,286.652496,34264000,2/18/22,155.499496,155.499496,150.893005,152.601501,152.601501,63604000,2/18/22,209.389999,210.75,205.179993,206.160004,206.160004,37128400,2/18/22,133.037506,133.824005,130.307053,130.467499,130.467499,31858000,2/18/22,169.820007,170.539993,166.190002,167.300003,166.546555,82772700
2/22/22,285,291.540009,284.5,287.720001,286.44342,41736100,2/22/22,150.4785,152.982498,148.485504,150.197495,150.197495,66128000,2/22/22,202.339996,207.479996,200.059998,202.080002,202.080002,39852400,2/22/22,129.985001,131.900757,127.740997,129.402496,129.402496,38906000,2/22/22,164.979996,166.690002,162.149994,164.320007,163.579971,91162800
2/23/22,290.179993,291.700012,280.100006,280.269989,279.026489,37811200,2/23/22,151.650497,151.763,144.651001,144.826996,144.826996,64244000,2/23/22,204.160004,206.940002,198.050003,198.449997,198.449997,44481400,2/23/22,131.078506,131.748993,127.503502,127.584999,127.584999,26432000,2/23/22,165.539993,166.149994,159.75,160.070007,159.349121,90009200
2/24/22,272.51001,295.160004,271.519989,294.589996,293.282959,56989700,2/24/22,139.837494,151.748993,139.5,151.358002,151.358002,100786000,2/24/22,191.059998,208.350006,190.220001,207.600006,207.600006,49957200,2/24/22,125,133.037003,124.764503,132.673492,132.673492,43166000,2/24/22,152.580002,162.850006,152,162.740005,162.007095,141147500
2/25/22,295.140015,297.630005,291.649994,297.309998,295.990875,32546700,2/25/22,150.550003,153.990005,149.213501,153.788498,153.788498,62396000,2/25/22,204.940002,211.320007,203.179993,210.479996,210.479996,37627600,2/25/22,133.525497,135.389008,131.764999,134.519501,134.519501,26236000,2/25/22,163.839996,165.119995,160.869995,164.850006,164.10759,91974200
2/28/22,294.309998,299.140015,293,298.790009,297.464325,34627500,2/28/22,152.425003,154.449997,150.850006,153.563004,153.563004,57684000,2/28/22,207.679993,213.149994,206.830002,211.029999,211.029999,34239800,2/28/22,133.2845,135.640503,132.825256,134.891006,134.891006,29676000,2/28/22,163.059998,165.419998,162.429993,165.119995,164.376373,95056600
3/1/22,296.399994,299.970001,292.149994,294.950012,293.641357,31217800,3/1/22,152.732498,154.098999,149.977005,151.141998,151.141998,44874000,3/1/22,209.869995,211.75,202.220001,203.490005,203.490005,27094900,3/1/22,134.479996,136.110992,133.378494,134.167999,134.167999,24640000,3/1/22,164.699997,166.600006,161.970001,163.199997,162.465012,83474400
3/2/22,295.359985,301.470001,293.700012,300.190002,298.858093,31873000,3/2/22,150.848999,152.999496,148.75,152.052505,152.052505,47334000,3/2/22,204.779999,209.149994,202.020004,208.110001,208.110001,29452100,3/2/22,134.608246,135.615494,133.432495,134.751495,134.751495,23966000,3/2/22,164.389999,167.360001,162.949997,166.559998,165.809891,79724800
3/3/22,302.890015,303.130005,294.049988,295.920013,294.607056,27314500,3/3/22,153.531494,153.929001,146.856003,147.898499,147.898499,65198000,3/3/22,209.020004,209.080002,201.419998,202.970001,202.970001,27263500,3/3/22,135.9785,136.713806,133.431,134.307999,134.307999,19780000,3/3/22,168.470001,168.910004,165.550003,166.229996,165.481369,76678400
3/4/22,294.290009,295.660004,287.170013,289.859985,288.573914,32356500,3/4/22,147.158997,147.850006,143.807007,145.641006,145.641006,60934000,3/4/22,202.369995,205.889999,198.789993,200.059998,200.059998,32130900,3/4/22,133.382507,134.199005,130.408493,132.121994,132.121994,24446000,3/4/22,164.490005,165.550003,162.100006,163.169998,162.43515,83737200
3/7/22,288.529999,289.690002,278.529999,278.910004,277.672516,43157200,3/7/22,145.443497,146.094498,137.416504,137.453003,137.453003,86934000,3/7/22,200.789993,200.889999,187.279999,187.470001,187.470001,38560600,3/7/22,131.904007,131.904007,126.410004,126.4645,126.4645,39178000,3/7/22,163.360001,165.020004,159.039993,159.300003,158.582596,96418800
3/8/22,277.799988,283.959991,270,275.850006,274.626099,48159500,3/8/22,136.683502,140.699493,133.572495,136.014496,136.014496,91662000,3/8/22,187.850006,196.699997,186.110001,190.289993,190.289993,37508100,3/8/22,126.250504,131.246506,125.860748,127.278503,127.278503,35250000,3/8/22,158.820007,162.880005,155.800003,157.440002,156.730957,131148300
3/9/22,283.440002,289.600006,280.779999,288.5,287.21994,35204500,3/9/22,139.5,140.25,136.828003,139.279007,139.279007,82656000,3/9/22,195.740005,199.100006,193.919998,198.5,198.5,31894700,3/9/22,131.399994,134.198502,130.087997,133.865997,133.865997,32258000,3/9/22,161.479996,163.410004,159.410004,162.949997,162.216141,91454900
3/10/22,283.019989,286.600006,280.579987,285.589996,284.322876,30628000,3/10/22,145.684998,148.6745,143.977997,146.817505,146.817505,135062000,3/10/22,194.839996,196.279999,191.070007,195.210007,195.210007,24853000,3/10/22,131.462494,133.538498,131.401001,132.682007,132.682007,24266000,3/10/22,160.199997,160.389999,155.979996,158.520004,157.806107,105342000
3/11/22,287.959991,289.51001,279.429993,280.070007,278.827362,27209300,3/11/22,149.574493,149.675003,145.369003,145.524506,145.524506,68900000,3/11/22,192.639999,193.559998,186.669998,187.610001,187.610001,34694500,3/11/22,133.999496,134.199997,130.296494,130.475494,130.475494,26600000,3/11/22,158.929993,159.279999,154.5,154.729996,154.033157,96970100
3/14/22,280.339996,285.399994,275.820007,276.440002,275.21347,30660700,3/14/22,145.981003,147.449997,140.884003,141.852997,141.852997,74086000,3/14/22,187.029999,192.289993,185.820007,186.630005,186.630005,31010500,3/14/22,130.572998,131.026001,126.413002,126.740997,126.740997,30254000,3/14/22,151.449997,154.119995,150.100006,150.619995,149.941666,108732100
3/15/22,280.350006,287.820007,278.730011,287.149994,285.875946,34245100,3/15/22,142.850006,147.985001,142,147.366501,147.366501,75584000,3/15/22,190.800003,192.279999,185.910004,192.029999,192.029999,31721700,3/15/22,127.741501,130.517242,126.568001,129.660507,129.660507,30292000,3/15/22,150.899994,155.570007,150.380005,155.089996,154.391525,92964300
3/16/22,289.109985,294.570007,283.200012,294.390015,293.083832,37826300,3/16/22,148.5,153.149994,147.3535,153.104004,153.104004,84958000,3/16/22,194.699997,203.729996,194.520004,203.630005,203.630005,40640300,3/16/22,131,133.770996,129.201004,133.690506,133.690506,32058000,3/16/22,157.050003,160,154.460007,159.589996,158.871262,102300200
3/17/22,293.290009,295.609985,289.369995,295.220001,293.910156,30816600,3/17/22,152.640503,157.498505,152.139999,157.238998,157.238998,72934000,3/17/22,201.699997,208.039993,201.110001,207.839996,207.839996,29499700,3/17/22,133.320999,134.739502,132.718994,134.600494,134.600494,23994000,3/17/22,158.610001,161,157.630005,160.619995,159.896637,75615400
3/18/22,295.369995,301,292.730011,300.429993,299.097015,43390600,3/18/22,156.813004,161.593994,156.011002,161.250504,161.250504,102962000,3/18/22,206.699997,216.800003,206,216.490005,216.490005,52128000,3/18/22,133.884003,136.913498,132.932007,136.801498,136.801498,45900000,3/18/22,160.509995,164.479996,159.759995,163.979996,163.241486,123511700
3/21/22,298.890015,300.140015,294.899994,299.160004,297.832642,28351200,3/21/22,161.121002,163.084,159.552994,161.491501,161.491501,66538000,3/21/22,214.5,214.710007,207.630005,211.490005,211.490005,30142300,3/21/22,136.847504,137.582504,134.611496,136.4785,136.4785,26632000,3/21/22,163.509995,166.350006,163.009995,165.380005,164.635208,95811400
3/22/22,299.799988,305,298.769989,304.059998,302.710907,27599700,3/22/22,161.805496,166.167007,161.699005,164.889008,164.889008,64086000,3/22/22,211.369995,219.460007,210.179993,216.649994,216.649994,31998800,3/22/22,136.5,141.5,136.5,140.277496,140.277496,29776000,3/22/22,165.509995,169.419998,164.910004,168.820007,168.059708,81532000
3/23/22,300.51001,303.230011,297.720001,299.48999,298.161194,25715400,3/23/22,163.705002,166.369995,162.686996,163.408005,163.408005,55812000,3/23/22,213.330002,216.800003,212.160004,213.460007,213.460007,23717300,3/23/22,139.138504,140.024994,138.166504,138.503494,138.503494,25302000,3/23/22,167.990005,172.639999,167.649994,170.210007,169.443451,98062700
3/24/22,299.140015,304.200012,298.320007,304.100006,302.750763,24484500,3/24/22,163.749496,164.1185,160.050003,163.649506,163.649506,56798000,3/24/22,215,220.669998,214.789993,219.570007,219.570007,31502300,3/24/22,139.272507,141.3965,138.039398,141.311996,141.311996,20544000,3/24/22,171.059998,174.139999,170.210007,174.070007,173.286072,90131400
3/25/22,305.230011,305.5,299.290009,303.679993,302.332611,22566500,3/25/22,164,165.3685,162.25,164.773499,164.773499,49032000,3/25/22,220.509995,225.5,218.889999,221.820007,221.820007,40039000,3/25/22,141.753998,141.959503,139.699493,141.5215,141.5215,19270000,3/25/22,173.880005,175.279999,172.75,174.720001,173.933136,80546200
3/28/22,304.329987,310.799988,304.329987,310.700012,309.321472,29578200,3/28/22,164.975006,169.037506,164.899994,168.990494,168.990494,59854000,3/28/22,222.130005,224.039993,219.539993,223.589996,223.589996,26224100,3/28/22,140.684494,141.976501,139.828156,141.949997,141.949997,23774000,3/28/22,172.169998,175.729996,172,175.600006,174.809189,90371900
3/29/22,313.910004,315.820007,309.049988,315.410004,314.01059,30393400,3/29/22,170.384003,170.831497,167.8685,169.315002,169.315002,66154000,3/29/22,226.070007,230.889999,225.289993,229.860001,229.860001,31417900,3/29/22,143.160507,144.162506,142.483994,143.25,143.25,28678000,3/29/22,176.690002,179.009995,176.339996,178.960007,178.154037,100589400
3/30/22,313.76001,315.950012,311.579987,313.859985,312.467438,28163600,3/30/22,168.509506,168.9505,165.5,166.300995,166.300995,56168000,3/30/22,228.910004,231.149994,226.710007,227.850006,227.850006,25588000,3/30/22,142.869995,143.480499,142.167999,142.644501,142.644501,21046000,3/30/22,178.550003,179.610001,176.699997,177.770004,176.969406,92633200
3/31/22,313.899994,315.140015,307.890015,308.309998,306.942047,33422100,3/31/22,166.445007,166.494995,162.953506,162.997498,162.997498,59966000,3/31/22,228.449997,228.490005,222.259995,222.360001,222.360001,24192300,3/31/22,142.448502,142.644501,139.619003,139.649506,139.649506,29516000,3/31/22,177.839996,178.029999,174.399994,174.610001,173.823639,103049300
4/1/22,309.369995,310.130005,305.540009,309.420013,308.04715,27110500,4/1/22,164.149506,165.826996,162.319504,163.559998,163.559998,57090000,4/1/22,224.550003,227.279999,222.699997,224.850006,224.850006,19544800,4/1/22,140.009995,140.949997,138.796997,140.699997,140.699997,23480000,4/1/22,174.029999,174.880005,171.940002,174.309998,173.524979,78751300
4/4/22,310.089996,315.109985,309.709991,314.970001,313.57251,24289600,4/4/22,164.125,168.394501,163.205505,168.346497,168.346497,49882000,4/4/22,225.979996,234.350006,225.860001,233.889999,233.889999,28054800,4/4/22,140.824493,144.043747,140.824493,143.642502,143.642502,19076000,4/4/22,174.570007,178.490005,174.440002,178.440002,177.636383,76468400
4/5/22,313.269989,314.869995,309.869995,310.880005,309.500671,23156700,4/5/22,167.741501,168.110504,163.266006,164.054993,164.054993,53728000,4/5/22,234.080002,236.860001,231.020004,231.839996,231.839996,29727200,4/5/22,143.399506,143.589996,140.943497,141.063004,141.063004,19256000,4/5/22,177.5,178.300003,174.419998,175.059998,174.271606,73401800
4/6/22,305.190002,307,296.709991,299.5,298.171173,40110400,4/6/22,161.650497,162.199997,157.254501,158.755997,158.755997,79056000,4/6/22,226.910004,228.990005,221.410004,223.300003,223.300003,28995100,4/6/22,139.161499,139.848495,136.418106,137.175995,137.175995,23574000,4/6/22,172.360001,173.630005,170.130005,171.830002,171.056168,89058800
4/7/22,296.660004,303.649994,296.350006,301.369995,300.032867,31411200,4/7/22,158.399994,160.078995,154.511505,157.7845,157.7845,68136000,4/7/22,223.929993,225.520004,218.559998,222.949997,222.949997,21037200,4/7/22,136.617996,137.701508,134.857254,136.464996,136.464996,19448000,4/7/22,171.160004,173.360001,169.850006,172.139999,171.364746,77594700
4/8/22,300.440002,301.119995,296.279999,296.970001,295.652374,24361900,4/8/22,156.75,157.3685,154.231003,154.460495,154.460495,46002000,4/8/22,222.380005,225.130005,220.029999,222.330002,222.330002,18375700,4/8/22,136.25,136.25,133.752502,134.010498,134.010498,16434000,4/8/22,171.779999,171.779999,169.199997,170.089996,169.32399,76575500
4/11/22,291.790009,292.609985,285,285.26001,283.994354,34569300,4/11/22,152.712997,154.136505,150.5345,151.121994,151.121994,52112000,4/11/22,218.419998,220.610001,215.220001,216.460007,216.460007,20516600,4/11/22,132.899994,132.939194,129.617493,129.796494,129.796494,24188000,4/11/22,168.710007,169.029999,165.5,165.75,165.00354,72246700
4/12/22,289.23999,290.73999,280.48999,282.059998,280.808533,30966700,4/12/22,153.692505,155.098999,150.382996,150.787506,150.787506,55178000,4/12/22,220.240005,222.029999,213.130005,214.139999,214.139999,20128800,4/12/22,132.423492,132.423492,127.575996,128.374496,128.374496,23004000,4/12/22,168.020004,169.869995,166.639999,167.660004,166.904938,79265200
4/13/22,282.730011,288.579987,281.299988,287.619995,286.343842,21907200,4/13/22,150.018494,156.024994,149.600006,155.541,155.541,53390000,4/13/22,211.820007,216.610001,211.330002,214.990005,214.990005,19231800,4/13/22,128.626495,130.655746,128.438599,130.285995,130.285995,19542000,4/13/22,167.389999,171.039993,166.770004,170.399994,169.632584,70618900
4/14/22,288.089996,288.309998,279.320007,279.829987,278.588409,28221600,4/14/22,155.389999,155.897003,151.472,151.706497,151.706497,51598000,4/14/22,214.889999,214.990005,210,210.179993,210.179993,18379500,4/14/22,130.649506,130.710251,127.111504,127.252998,127.252998,23484000,4/14/22,170.619995,171.270004,165.039993,165.289993,164.545593,75329400
4/18/22,278.910004,282.459991,278.339996,280.519989,279.27536,20778000,4/18/22,151.523499,154.039505,150.250504,152.785004,152.785004,46514000,4/18/22,210,213.380005,208.300003,210.770004,210.770004,16580800,4/18/22,127.410004,128.712006,126.578453,127.960999,127.960999,14918000,4/18/22,163.919998,166.600006,163.570007,165.070007,164.326599,69023900
4/19/22,279.380005,286.170013,278.410004,285.299988,284.034149,22297700,4/19/22,152.029495,158.649002,151.550507,158.115494,158.115494,54926000,4/19/22,210.520004,218.429993,209,217.309998,217.309998,20089900,4/19/22,128.076996,130.903748,127.4515,130.531006,130.531006,22720000,4/19/22,165.020004,167.820007,163.910004,167.399994,166.646088,67723800
4/20/22,289.399994,289.700012,285.369995,286.359985,285.089447,22906700,4/20/22,157.602493,157.602493,153.6035,153.998001,153.998001,59630000,4/20/22,213.610001,214.160004,198.919998,200.419998,200.419998,43036500,4/20/22,131.283997,131.923492,127.894051,128.245499,128.245499,22610000,4/20/22,168.759995,168.880005,166.100006,167.229996,166.476852,67929800
4/21/22,288.579987,293.299988,280.059998,280.809998,279.564087,29454600,4/21/22,154.714005,156.738007,147.589493,148.296005,148.296005,63970000,4/21/22,201.600006,202.970001,185.580002,188.070007,188.070007,49954100,4/21/22,129.350006,130.307495,124.650002,124.9375,124.9375,30158000,4/21/22,168.910004,171.529999,165.910004,166.419998,165.670502,87227800
4/22/22,281.679993,283.200012,273.380005,274.029999,272.814178,29405800,4/22/22,148.25,149.615005,143.697495,144.350006,144.350006,73078000,4/22/22,190.369995,192.720001,183.270004,184.110001,184.110001,36426800,4/22/22,125,125.452003,119.140503,119.613998,119.613998,46410000,4/22/22,166.460007,167.869995,161.5,161.789993,161.061356,84882400
4/25/22,273.290009,281.109985,270.769989,280.720001,279.474487,35678900,4/25/22,144.022995,146.221497,142.306503,146.074005,146.074005,61874000,4/25/22,182.729996,187.179993,181.660004,186.990005,186.990005,29281100,4/25/22,119.429497,123.278,118.769249,123.25,123.25,34522000,4/25/22,161.119995,163.169998,158.460007,162.880005,162.146454,96046400
4/26/22,277.5,278.359985,270,270.220001,269.021057,46518400,4/26/22,144.800003,144.856003,138.929504,139.391006,139.391006,77530000,4/26/22,186.630005,187.190002,179.5,180.949997,180.949997,31747400,4/26/22,122.75,122.75,119.16185,119.505997,119.505997,49394000,4/26/22,162.25,162.339996,156.720001,156.800003,156.093842,95623200
4/27/22,282.100006,290.970001,279.160004,283.220001,281.963409,63477700,4/27/22,140.191498,141.948502,135.783493,138.167007,138.167007,71336000,4/27/22,174.429993,181.210007,169,174.949997,174.949997,71062900,4/27/22,114.373001,117.5,113.124252,115.0205,115.0205,62238000,4/27/22,155.910004,159.789993,155.380005,156.570007,155.864883,88063200
4/28/22,285.190002,290.980011,281.459991,289.630005,288.344971,33646600,4/28/22,142.177994,145.9375,140.300003,144.596497,144.596497,117316000,4/28/22,202.919998,208.529999,192.899994,205.729996,205.729996,100890600,4/28/22,117.114998,120.438499,115.143898,119.411499,119.411499,36790000,4/28/22,159.25,164.520004,158.929993,163.639999,162.90303,130216800
4/29/22,288.609985,289.880005,276.5,277.519989,276.288666,37073900,4/29/22,129.848999,130.761002,121.625,124.281502,124.281502,272662000,4/29/22,204.460007,212.479996,199.899994,200.470001,200.470001,49193400,4/29/22,117.578003,118.959999,114.694,114.966499,114.966499,33694000,4/29/22,161.839996,166.199997,157.25,157.649994,156.940002,131747600
5/2/22,277.709991,284.940002,276.220001,284.470001,283.207855,35151100,5/2/22,122.401001,124.667999,118.375,124.5,124.5,148788000,5/2/22,201.169998,211.880005,200.990005,211.130005,211.130005,49915300,5/2/22,113.906502,117.3395,113.399498,117.156998,117.156998,30280000,5/2/22,156.710007,158.229996,153.270004,157.960007,157.248611,123055300
5/3/22,283.959991,284.130005,280.149994,281.779999,280.529785,25978600,5/3/22,124.053497,126.220497,122.824997,124.253502,124.253502,79134000,5/3/22,210.449997,214.899994,208.089996,212.029999,212.029999,41556300,5/3/22,116.764999,119.300003,116.626999,118.129501,118.129501,21216000,5/3/22,158.149994,160.710007,156.320007,159.479996,158.761765,88966500
5/4/22,282.589996,290.880005,276.730011,289.980011,288.69342,33599300,5/4/22,123.599998,126,119.182999,125.928497,125.928497,110746000,5/4/22,210.649994,224.300003,206.960007,223.410004,223.410004,41375900,5/4/22,118.003502,123.142998,115.738503,122.574997,122.574997,33232000,5/4/22,159.669998,166.479996,159.259995,166.020004,165.272324,108256500
5/5/22,285.540009,286.350006,274.339996,277.350006,276.119446,43260400,5/5/22,123,123.499001,115.072502,116.406998,116.406998,144392000,5/5/22,218.740005,220.169998,206.160004,208.279999,208.279999,41129200,5/5/22,120.220497,121.233253,115.182503,116.746498,116.746498,43090000,5/5/22,163.850006,164.080002,154.949997,156.770004,156.06398,130525300
5/6/22,274.809998,279.25,271.269989,274.730011,273.511078,37780300,5/6/22,114.849998,119.050499,113.081497,114.772499,114.772499,124260000,5/6/22,207.339996,209.380005,201.020004,203.770004,203.770004,34747200,5/6/22,115.518997,117.498497,114.142998,115.660004,115.660004,35310000,5/6/22,156.009995,159.440002,154.179993,157.279999,156.801712,116124600
5/9/22,270.059998,272.359985,263.320007,264.579987,263.406067,47726000,5/9/22,111.3125,114,107.957001,108.789001,108.789001,128124000,5/9/22,199.839996,202.570007,195.580002,196.210007,196.210007,36303200,5/9/22,113.303497,115.562897,112.551498,113.084,113.084,34520000,5/9/22,154.929993,155.830002,151.490005,152.059998,151.597595,131577900
5/10/22,271.690002,273.75,265.070007,269.5,268.30426,39336400,5/10/22,111.25,112.642502,107.170998,108.859001,108.859001,105434000,5/10/22,199.509995,202.960007,194.190002,197.649994,197.649994,34452500,5/10/22,116.040497,116.691002,113.383301,114.584503,114.584503,31158000,5/10/22,155.520004,156.740005,152.929993,154.509995,154.040131,115366700
5/11/22,265.679993,271.359985,259.299988,260.549988,259.393951,48975900,5/11/22,108.1035,110.155998,104.428497,105.372002,105.372002,109704000,5/11/22,196.330002,200.669998,188.270004,188.740005,188.740005,31153400,5/11/22,113.710503,116.670998,113.650002,113.960999,113.960999,36502000,5/11/22,153.5,155.449997,145.809998,146.5,146.054504,142689800
5/12/22,257.690002,259.880005,250.020004,255.350006,254.217041,51033800,5/12/22,102.75,110.780502,102.405502,106.930496,106.930496,132026000,5/12/22,187.059998,198.050003,184.779999,191.240005,191.240005,38262200,5/12/22,111.938004,114.856499,110.113503,113.161003,113.161003,41464000,5/12/22,142.770004,146.199997,138.800003,142.559998,142.12648,182602000
5/13/22,257.350006,263.040009,255.350006,261.119995,259.961456,34925100,5/13/22,109.069,113.183998,107.800003,113.055,113.055,93684000,5/13/22,192.580002,199.889999,191.279999,198.619995,198.619995,24549800,5/13/22,114.845497,118.084999,114,116.515503,116.515503,29738000,5/13/22,144.589996,148.100006,143.110001,147.110001,146.662659,113990900
5/16/22,259.959991,265.820007,255.779999,261.5,260.339752,32550900,5/16/22,113.099998,113.9925,110.353996,110.810501,110.810501,74566000,5/16/22,197.050003,205.369995,195.929993,200.039993,200.039993,27112600,5/16/22,115.384003,116.607498,114.334999,114.792503,114.792503,23282000,5/16/22,145.550003,147.520004,144.179993,145.539993,145.097427,86643800
5/17/22,266.109985,268.329987,262.459991,266.820007,265.636169,28828800,5/17/22,113.275002,115.800003,111.276497,115.3685,115.3685,76448000,5/17/22,202.119995,205.460007,198.360001,202.619995,202.619995,24872700,5/17/22,117.227501,117.227501,115.337502,116.7015,116.7015,21576000,5/17/22,148.860001,149.770004,146.679993,149.240005,148.786179,78336300
5/18/22,263,263.600006,252.770004,254.080002,253.54184,31356000,5/18/22,111.439499,112.852997,106.249001,107.112503,107.112503,108380000,5/18/22,200,201,191.630005,192.240005,192.240005,23960000,5/18/22,115.237503,115.695648,112.141998,112.401001,112.401001,27982000,5/18/22,146.850006,147.360001,139.899994,140.820007,140.391785,109742900
5/19/22,253.899994,257.670013,251.880005,253.139999,252.603821,32692300,5/19/22,106.280502,110.033997,106.193001,107.319,107.319,88142000,5/19/22,191.199997,195.289993,189.600006,191.289993,191.289993,24446900,5/19/22,111.841003,113.587502,110.468002,110.745499,110.745499,29192000,5/19/22,139.880005,141.660004,136.600006,137.350006,136.932327,136095600
5/20/22,257.23999,258.540009,246.440002,252.559998,252.025055,39199300,5/20/22,109.568497,109.898003,105.009499,107.591003,107.591003,99500000,5/20/22,194.970001,197.910004,187.869995,193.539993,193.539993,31465600,5/20/22,112.085503,112.550003,106.373001,109.313004,109.313004,37586000,5/20/22,139.089996,140.699997,132.610001,137.589996,137.171585,137426100
5/23/22,255.490005,261.5,253.429993,260.649994,260.0979,33175400,5/23/22,108.460999,108.819,103.949997,107.556999,107.556999,107798000,5/23/22,195.190002,196.990005,191.240005,196.229996,196.229996,25059200,5/23/22,110.103996,112.005501,109.154251,111.666496,111.666496,31558000,5/23/22,137.789993,143.259995,137.649994,143.110001,142.674805,117726300
5/24/22,257.890015,261.329987,253.5,259.619995,259.070099,29043900,5/24/22,104.025002,105.400002,101.260002,104.099998,104.099998,102934000,5/24/22,180.550003,183.679993,176.110001,181.279999,181.279999,50406300,5/24/22,106.377502,106.394997,102.208,105.926003,105.926003,60386000,5/24/22,140.809998,141.970001,137.330002,140.360001,139.933167,104132700
5/25/22,258.140015,264.579987,257.130005,262.519989,261.963928,28547900,5/25/22,103.655502,108.175003,103.650002,106.775002,106.775002,93120000,5/25/22,180.399994,185.449997,179.320007,183.830002,183.830002,28030200,5/25/22,105.141998,106.544701,104.21125,105.8395,105.8395,37900000,5/25/22,138.429993,141.789993,138.339996,140.520004,140.092697,92482700
5/26/22,262.269989,267.109985,261.429993,265.899994,265.336792,25002100,5/26/22,107.970001,112.665497,107.453499,111.077499,111.077499,93002000,5/26/22,182.880005,192.830002,182.259995,191.630005,191.630005,23056500,5/26/22,106.050499,108.955254,105.487999,108.295998,108.295998,30288000,5/26/22,137.389999,144.339996,137.139999,143.779999,143.342758,90601500
5/27/22,268.480011,273.339996,267.559998,273.23999,272.661224,26910800,5/27/22,113.550003,115.186996,112.627998,115.1465,115.1465,93660000,5/27/22,191.360001,195.330002,189.800003,195.130005,195.130005,22562700,5/27/22,109.788498,112.867996,109.550003,112.799004,112.799004,29924000,5/27/22,145.389999,149.679993,145.259995,149.639999,149.184952,90978500
5/31/22,272.529999,274.769989,268.929993,271.869995,271.294159,37827700,5/31/22,116.279999,121.994499,115.675003,120.209503,120.209503,144634000,5/31/22,194.889999,197.600006,192.009995,193.639999,193.639999,26131100,5/31/22,113.079002,116.433502,112.572502,114.039001,114.039001,51302000,5/31/22,149.070007,150.660004,146.839996,148.839996,148.38739,103718400
6/1/22,275.200012,277.690002,270.040009,272.420013,271.842987,25292200,6/1/22,122.255997,125.179001,120.622498,121.683998,121.683998,127528000,6/1/22,196.509995,199.529999,185,188.639999,188.639999,36623500,6/1/22,114.931503,117.399002,113.550499,114.137001,114.137001,28630000,6/1/22,149.899994,151.740005,147.679993,148.710007,148.257782,74286600
6/2/22,264.450012,274.649994,261.600006,274.579987,273.998383,44008200,6/2/22,121.683998,125.610001,120.044998,125.511002,125.511002,100560000,6/2/22,188.449997,200.940002,187.729996,198.860001,198.860001,31951600,6/2/22,114.188004,117.898003,113.307999,117.746002,117.746002,27472000,6/2/22,147.830002,151.270004,146.860001,151.210007,150.750183,72348100
6/3/22,270.309998,273.450012,268.410004,270.019989,269.448059,28059000,6/3/22,124.199997,124.400002,121.046501,122.349998,122.349998,97604000,6/3/22,195.979996,196.610001,189.779999,190.779999,190.779999,19465000,6/3/22,115.9925,116.364502,113.667999,114.564003,114.564003,25052000,6/3/22,146.899994,147.970001,144.460007,145.380005,144.937912,88570300
6/6/22,272.059998,274.179993,267.220001,268.75,268.180756,22400300,6/6/22,125.25,128.990005,123.809998,124.790001,124.790001,135269000,6/6/22,193.990005,196.919998,188.399994,194.25,194.25,30574200,6/6/22,116.7425,119.398499,116.528297,117.010498,117.010498,23786000,6/6/22,147.029999,148.570007,144.899994,146.139999,145.695602,71598400
6/7/22,266.640015,273.130005,265.940002,272.5,271.922821,22860700,6/7/22,122.010002,124.099998,120.629997,123,123,85156700,6/7/22,191.929993,196.529999,191.490005,195.649994,195.649994,18828700,6/7/22,115.648003,117.74865,115.125504,117.2295,117.2295,26414000,6/7/22,144.350006,149,144.100006,148.710007,148.257782,67808200
6/8/22,271.709991,273,269.609985,270.410004,269.83725,17372300,6/8/22,122.610001,123.75,120.75,121.18,121.18,64926600,6/8/22,194.669998,202.029999,194.410004,196.639999,196.639999,22267200,6/8/22,116.876503,118.646004,116.696747,117.237999,117.237999,22544000,6/8/22,148.580002,149.869995,147.460007,147.960007,147.510071,53950200
6/9/22,267.779999,272.709991,264.630005,264.790009,264.229156,26439700,6/9/22,119.989998,121.300003,116.099998,116.150002,116.150002,67029800,6/9/22,194.279999,199.449997,183.679993,184,184,23501600,6/9/22,116.341499,118.349998,114.866997,114.917999,114.917999,23142000,6/9/22,147.080002,147.949997,142.529999,142.639999,142.206238,69473000
6/10/22,260.579987,260.579987,252.529999,252.990005,252.454147,31422800,6/10/22,113.419998,114.5,109.050003,109.650002,109.650002,87266000,6/10/22,183.039993,183.100006,175.020004,175.570007,175.570007,27450800,6/10/22,112.78125,113.497002,110.861,111.427498,111.427498,31324000,6/10/22,140.279999,140.759995,137.059998,137.130005,136.712997,91437900
6/13/22,245.110001,249.020004,241.529999,242.259995,241.746857,46135800,6/13/22,104.190002,106.540001,101.860001,103.669998,103.669998,99277700,6/13/22,170.589996,172.580002,164.029999,164.259995,164.259995,31749300,6/13/22,107.445999,109.218498,106.588051,106.876503,106.876503,36756000,6/13/22,132.869995,135.199997,131.440002,131.880005,131.478958,122207100
6/14/22,243.860001,245.740005,241.509995,244.490005,243.972153,28651500,6/14/22,104.190002,104.879997,101.43,102.309998,102.309998,69728800,6/14/22,166.029999,166.75,161.360001,163.729996,163.729996,27244300,6/14/22,106.889999,108.457497,106.351997,107.194,107.194,25480000,6/14/22,133.130005,133.889999,131.479996,132.759995,132.356277,84784300
6/15/22,248.309998,255.300003,246.419998,251.759995,251.226746,33111700,6/15/22,103.860001,109.059998,103.529999,107.669998,107.669998,85011100,6/15/22,167.199997,172.160004,163.979996,169.350006,169.350006,30008300,6/15/22,108.899498,112.063004,108.118752,110.390503,110.390503,33192000,6/15/22,134.289993,137.339996,132.160004,135.429993,135.018158,91533000
6/16/22,245.979996,247.419998,243.020004,244.970001,244.451126,33169200,6/16/22,104.470001,104.580002,102.010002,103.660004,103.660004,82186300,6/16/22,163.720001,165.080002,159.610001,160.869995,160.869995,26944100,6/16/22,108.149498,109.290497,105.792503,106.636002,106.636002,35314000,6/16/22,132.080002,132.389999,129.039993,130.059998,129.66449,108123900
6/17/22,244.699997,250.5,244.029999,247.649994,247.125443,43084800,6/17/22,102.800003,106.980003,102.510002,106.220001,106.220001,99772100,6/17/22,161.679993,165.899994,159.899994,163.740005,163.740005,31374200,6/17/22,106.535004,109.249496,105.628548,107.865501,107.865501,43516000,6/17/22,130.070007,133.080002,129.809998,131.559998,131.159927,134520300
6/21/22,250.259995,254.75,249.509995,253.740005,253.20256,29928300,6/21/22,108.199997,111.629997,103.559998,108.68,108.68,70901200,6/21/22,165.929993,167.759995,155.970001,157.050003,157.050003,50724900,6/21/22,109.702003,112.672997,109.293503,112.014999,112.014999,39010000,6/21/22,133.419998,137.059998,133.320007,135.869995,135.456833,81000500
6/22/22,251.889999,257.170013,250.369995,253.130005,252.593842,25939900,6/22/22,107.43,112.129997,107.019997,108.949997,108.949997,60040100,6/22/22,158.380005,160.789993,155.440002,155.850006,155.850006,47267800,6/22/22,111.163002,113.769501,110.724297,112.033997,112.033997,23922000,6/22/22,134.789993,137.759995,133.910004,135.350006,134.938416,73409200
6/23/22,255.570007,259.369995,253.630005,258.859985,258.311676,25861400,6/23/22,110.389999,113,107.93,112.440002,112.440002,64345300,6/23/22,156.270004,159.75,154.25,158.75,158.75,40499200,6/23/22,112.949997,113.196503,111.028999,112.684502,112.684502,24710000,6/23/22,136.820007,138.589996,135.630005,138.270004,137.849533,72433800
6/24/22,261.809998,267.980011,261.720001,267.700012,267.132996,33923200,6/24/22,112.379997,116.709999,111.43,116.459999,116.459999,69867600,6/24/22,161.729996,170.25,161.300003,170.160004,170.160004,68736000,6/24/22,113.602997,118.637497,113.602997,118.538002,118.538002,39122000,6/24/22,139.899994,141.910004,139.770004,141.660004,141.229218,89116800
6/27/22,268.209991,268.299988,263.279999,264.890015,264.328949,24615100,6/27/22,117.089996,117.980003,112.699997,113.220001,113.220001,62133200,6/27/22,171.320007,171.75,168.009995,169.490005,169.490005,29174600,6/27/22,118.934998,119.25,116.000748,116.622498,116.622498,32840000,6/27/22,142.699997,143.490005,140.970001,141.660004,141.229218,70207900
6/28/22,263.980011,266.910004,256.320007,256.480011,255.936752,27295500,6/28/22,113.5,114.849998,107.040001,107.400002,107.400002,74942900,6/28/22,169.899994,171.300003,160.610001,160.679993,160.679993,27744500,6/28/22,116.350998,117.856499,112.444,112.571503,112.571503,28232000,6/28/22,142.130005,143.419998,137.320007,137.440002,137.022064,67083400
6/29/22,257.589996,261.970001,255.759995,260.26001,259.70874,20069800,6/29/22,107.379997,110.989998,106.910004,108.919998,108.919998,66375300,6/29/22,163.570007,166.330002,160.320007,163.940002,163.940002,28595200,6/29/22,112.148499,113.664497,111.554001,112.2565,112.2565,18628000,6/29/22,137.460007,140.669998,136.669998,139.229996,138.80661,66242400
6/30/22,257.049988,259.529999,252.899994,256.829987,256.28598,31730900,6/30/22,108.110001,108.18,102.519997,106.209999,106.209999,97679400,6/30/22,162.149994,165.229996,158.490005,161.25,161.25,35250600,6/30/22,110.499496,111.329803,107.309998,109.372498,109.372498,38046000,6/30/22,137.25,138.369995,133.770004,136.720001,136.304245,98964500
7/1/22,256.390015,259.769989,254.610001,259.579987,259.030182,22837700,7/1/22,106.290001,109.75,105.849998,109.559998,109.559998,73021200,7/1/22,160.309998,160.619995,155,160.029999,160.029999,31423900,7/1/22,108.336998,109.806351,107.105003,109.081001,109.081001,31028000,7/1/22,136.039993,139.039993,135.660004,138.929993,138.507507,71051600
7/5/22,256.160004,262.980011,254.740005,262.850006,262.293274,22941000,7/5/22,107.599998,114.080002,106.32,113.5,113.5,76583700,7/5/22,158.139999,168.25,157.020004,168.190002,168.190002,28618600,7/5/22,107.514503,114.052597,106.249496,113.887001,113.887001,36398000,7/5/22,137.770004,141.610001,136.929993,141.559998,141.129517,73353800
7/6/22,263.75,267.98999,262.399994,266.209991,265.646118,23824400,7/6/22,113.209999,115.480003,112.010002,114.330002,114.330002,66958900,7/6/22,168.199997,171.589996,165.460007,169.770004,169.770004,23085900,7/6/22,114.092003,116.351997,112.250504,115.213501,115.213501,28852000,7/6/22,141.350006,144.119995,141.080002,142.919998,142.485397,74064300
7/7/22,265.119995,269.059998,265.019989,268.399994,267.831482,20859900,7/7/22,113.849998,116.989998,113.489998,116.330002,116.330002,57872300,7/7/22,169.449997,172.720001,167.779999,172.190002,172.190002,24083400,7/7/22,116.008003,119.862,115.533997,119.306,119.306,32184000,7/7/22,143.289993,146.550003,143.279999,146.350006,145.904968,66253700
7/8/22,264.790009,268.100006,263.290009,267.660004,267.093079,19658800,7/8/22,114.599998,116.580002,113.690002,115.540001,115.540001,45719700,7/8/22,169.979996,172.399994,168.149994,170.880005,170.880005,19249200,7/8/22,117.550003,120.434998,117.514,120.168503,120.168503,29082000,7/8/22,145.259995,147.550003,145,147.039993,146.59285,64547800
7/11/22,265.649994,266.529999,262.179993,264.51001,263.949738,19455200,7/11/22,114.080002,114.300003,110.870003,111.75,111.75,53487600,7/11/22,167.070007,167.490005,161.910004,162.880005,162.880005,21885600,7/11/22,118.650002,118.794502,116.234497,116.522499,116.522499,26718000,7/11/22,145.669998,146.639999,143.779999,144.869995,144.429443,63141600
7/12/22,265.880005,265.940002,252.039993,253.669998,253.13269,35868500,7/12/22,112.160004,113.230003,108.339996,109.220001,109.220001,54280300,7/12/22,164.800003,165.910004,162.100006,163.270004,163.270004,16639700,7/12/22,116.838501,117.849503,114.614998,114.849503,114.849503,24970000,7/12/22,145.759995,148.449997,145.050003,145.860001,145.416443,77588800
7/13/22,250.190002,253.550003,248.110001,252.720001,252.184708,29497400,7/13/22,107.029999,111.779999,106.010002,110.400002,110.400002,61353800,7/13/22,160.160004,164.979996,159.610001,163.490005,163.490005,16555100,7/13/22,112.639,115.156998,111.822998,112.186996,112.186996,38958000,7/13/22,142.990005,146.449997,142.119995,145.490005,145.047577,71185600
7/14/22,250.570007,255.139999,245.940002,254.080002,253.54184,25102800,7/14/22,110.239998,111.18,107.580002,110.629997,110.629997,51163100,7/14/22,161.220001,162.589996,157.279999,158.050003,158.050003,23765200,7/14/22,110.825996,111.987503,109.3255,111.440002,111.440002,32366000,7/14/22,144.080002,148.949997,143.25,148.470001,148.018509,78140700
7/15/22,255.720001,260.369995,254.770004,256.720001,256.176239,29774100,7/15/22,112.5,115.589996,111.589996,113.550003,113.550003,84317800,7/15/22,160.539993,164.979996,159.820007,164.699997,164.699997,23342800,7/15/22,112.962997,114.000504,111.822502,112.766998,112.766998,34330000,7/15/22,149.779999,150.860001,148.199997,150.169998,149.713348,76259900
7/18/22,259.75,260.839996,253.300003,254.25,253.711472,20975000,7/18/22,115,117.239998,113.150002,113.760002,113.760002,59115400,7/18/22,166.75,171.690002,165.639999,167.229996,167.229996,23574300,7/18/22,113.440002,114.800003,109.300003,109.910004,109.910004,33354000,7/18/22,150.740005,151.570007,146.699997,147.070007,146.622772,81420900
7/19/22,257.579987,259.720001,253.679993,259.529999,258.980286,25012600,7/19/22,115.699997,118.949997,114.029999,118.209999,118.209999,60990000,7/19/22,170.369995,176.490005,169.509995,175.779999,175.779999,25933700,7/19/22,111.730003,114.809998,110.5,114.620003,114.620003,30992300,7/19/22,147.919998,151.229996,146.910004,151,150.540817,82982400
7/20/22,259.899994,264.869995,258.910004,262.269989,261.714478,22788300,7/20/22,118.620003,123.480003,118.32,122.769997,122.769997,71268300,7/20/22,177.490005,183.600006,176.699997,183.089996,183.089996,24784300,7/20/22,114.059998,116.330002,113.260002,114.699997,114.699997,26780100,7/20/22,151.119995,153.720001,150.369995,153.039993,152.574615,64823400
7/21/22,259.790009,264.890015,257.029999,264.839996,264.279022,22404700,7/21/22,123.199997,124.849998,121.260002,124.629997,124.629997,60239900,7/21/22,180.630005,183.850006,178.869995,183.169998,183.169998,27195800,7/21/22,115.089996,115.209999,111.910004,115.040001,115.040001,27267800,7/21/22,154.5,155.570007,151.940002,155.350006,154.877594,65086600
7/22/22,265.23999,265.329987,259.070007,260.359985,259.808502,21881300,7/22/22,125.010002,125.5,121.349998,122.419998,122.419998,51463800,7/22/22,173.070007,175.600006,168.410004,169.270004,169.270004,42583900,7/22/22,111.809998,113.18,107.599998,108.360001,108.360001,44455300,7/22/22,155.389999,156.279999,153.410004,154.089996,153.621414,66675400
7/25/22,261,261.5,256.809998,258.829987,258.281769,21056000,7/25/22,122.699997,123.639999,120.029999,121.139999,121.139999,50221300,7/25/22,169,170.570007,164.809998,166.649994,166.649994,26166300,7/25/22,108.879997,110.580002,107.010002,108.209999,108.209999,28289900,7/25/22,154.009995,155.039993,152.279999,152.949997,152.484894,53623900
7/26/22,259.859985,259.880005,249.570007,251.899994,251.36644,39348000,7/26/22,115.790001,118.150002,114.529999,114.809998,114.809998,67075100,7/26/22,165.940002,166,157.949997,159.149994,159.149994,28468400,7/26/22,107.43,107.739998,104.760002,105.440002,105.440002,36626600,7/26/22,152.259995,153.089996,150.800003,151.600006,151.139008,55138700
7/27/22,261.160004,270.049988,258.850006,268.73999,268.170776,45994000,7/27/22,117.309998,121.900002,117.160004,120.970001,120.970001,61582000,7/27/22,162.589996,170.869995,162.020004,169.580002,169.580002,43846600,7/27/22,109.599998,114.400002,108.419998,113.599998,113.599998,41474600,7/27/22,152.580002,157.330002,152.160004,156.789993,156.313202,78620700
7/28/22,269.75,277.839996,267.869995,276.410004,275.824524,33459300,7/28/22,121.57,122.839996,118.080002,122.279999,122.279999,82245500,7/28/22,161.059998,161.509995,154.850006,160.720001,160.720001,73214300,7/28/22,112.800003,114.699997,111.850998,114.589996,114.589996,23303800,7/28/22,156.979996,157.639999,154.410004,157.350006,156.871521,81378700
7/29/22,277.700012,282,276.630005,280.73999,280.145355,32152800,7/29/22,134.899994,137.649994,132.410004,134.949997,134.949997,148892900,7/29/22,157.690002,160.139999,155.169998,159.100006,159.100006,42065400,7/29/22,113.400002,116.900002,113.230003,116.639999,116.639999,31336200,7/29/22,161.240005,163.630005,159.5,162.509995,162.015808,101786900
8/1/22,277.820007,281.279999,275.839996,278.01001,277.421143,21539600,8/1/22,134.960007,138.830002,133.509995,135.389999,135.389999,76846900,8/1/22,157.25,165.190002,155.229996,159.929993,159.929993,40596700,8/1/22,115.529999,117.120003,114.690002,115.480003,115.480003,22856200,8/1/22,161.009995,163.589996,160.889999,161.509995,161.01886,67829400
8/2/22,276,277.890015,272.380005,274.820007,274.237915,22754200,8/2/22,134.720001,137.440002,134.089996,134.160004,134.160004,61922400,8/2/22,158.309998,162.240005,158.009995,160.190002,160.190002,27374500,8/2/22,114.43,117.080002,114.260002,115.900002,115.900002,17911000,8/2/22,160.100006,162.410004,159.630005,160.009995,159.523407,59907000
8/3/22,276.76001,283.5,276.609985,282.470001,281.871704,23518900,8/3/22,136.210007,140.490005,136.050003,139.520004,139.520004,71827800,8/3/22,162.690002,169.539993,161.570007,168.800003,168.800003,31721900,8/3/22,116.339996,119.419998,116.150002,118.779999,118.779999,25302800,8/3/22,160.839996,166.589996,160.75,166.130005,165.624817,82507500
8/4/22,281.799988,283.799988,280.170013,283.649994,283.049194,18098700,8/4/22,140.580002,143.559998,139.550003,142.570007,142.570007,70585000,8/4/22,168.300003,172.149994,166.800003,170.570007,170.570007,23938200,8/4/22,118.300003,119.5,117.709999,118.870003,118.870003,15757700,8/4/22,166.009995,167.190002,164.429993,165.809998,165.305786,55474100
8/5/22,279.149994,283.649994,278.679993,282.910004,282.31076,16774600,8/5/22,140.100006,142.860001,139.600006,140.800003,140.800003,50686900,8/5/22,166.990005,171.610001,165.800003,167.110001,167.110001,25832700,8/5/22,116.93,118.860001,116.709999,118.220001,118.220001,15615700,8/5/22,163.210007,165.850006,163,165.350006,165.076172,56697000
8/8/22,284.049988,285.920013,279.320007,280.320007,279.726257,18739200,8/8/22,142.050003,144.229996,138.289993,139.410004,139.410004,52229000,8/8/22,168,177.509995,167.130005,170.25,170.25,27299100,8/8/22,119.120003,120.860001,117.830002,118.139999,118.139999,17061100,8/8/22,166.369995,167.809998,164.199997,164.869995,164.596954,60276900
8/9/22,279.640015,283.079987,277.609985,282.299988,281.702057,23405200,8/9/22,138.050003,138.949997,136.210007,137.830002,137.830002,40434700,8/9/22,168.949997,169.529999,166.600006,168.529999,168.529999,18655100,8/9/22,117.989998,118.199997,116.559998,117.5,117.5,15424300,8/9/22,164.020004,165.820007,163.25,164.919998,164.646866,63135500
8/10/22,288.170013,289.809998,286.940002,289.160004,288.547516,24687800,8/10/22,142.899994,144.600006,141.009995,142.690002,142.690002,54773800,8/10/22,175.990005,180.479996,173.949997,178.339996,178.339996,30262100,8/10/22,119.589996,121.779999,119.360001,120.650002,120.650002,20497000,8/10/22,167.679993,169.339996,166.899994,169.240005,168.959732,70170500
8/11/22,290.850006,291.209991,286.51001,287.019989,286.412048,20065900,8/11/22,143.860001,144.490005,139.759995,140.639999,140.639999,44867300,8/11/22,179.710007,183.100006,176.369995,177.490005,177.490005,24079100,8/11/22,122.080002,122.339996,119.550003,119.82,119.82,16671600,8/11/22,170.059998,170.990005,168.190002,168.490005,168.210968,57149200
8/12/22,288.480011,291.910004,286.940002,291.910004,291.291718,22619700,8/12/22,142.050003,143.570007,140.119995,143.550003,143.550003,47643500,8/12/22,180.809998,181.460007,178.910004,180.5,180.5,21274000,8/12/22,121.160004,122.650002,120.400002,122.650002,122.650002,16121100,8/12/22,169.820007,172.169998,169.399994,172.100006,171.814987,68039400
8/15/22,291,294.179993,290.109985,293.470001,292.848389,18085700,8/15/22,142.800003,143.759995,141.490005,143.179993,143.179993,39014600,8/15/22,178.960007,181.440002,178.199997,180.889999,180.889999,15878700,8/15/22,122.209999,123.260002,121.57,122.879997,122.879997,15525000,8/15/22,171.520004,173.389999,171.350006,173.190002,172.903183,54091700
8/16/22,291.98999,294.040009,290.420013,292.709991,292.089996,18102900,8/16/22,143.910004,146.570007,142,144.779999,144.779999,59102900,8/16/22,179.440002,180.990005,177.039993,179.470001,179.470001,21156700,8/16/22,122.32,123.227997,121.535004,122.510002,122.510002,15626200,8/16/22,172.779999,173.710007,171.660004,173.029999,172.743439,56377100
8/17/22,289.73999,293.350006,289.470001,291.320007,291.320007,18253400,8/17/22,142.690002,143.380005,140.779999,142.100006,142.100006,48149800,8/17/22,176.759995,178.139999,174.169998,174.850006,174.850006,20118100,8/17/22,120.93,122.150002,120.199997,120.32,120.32,17589200,8/17/22,172.770004,176.149994,172.570007,174.550003,174.260925,79542000
8/18/22,290.190002,291.910004,289.079987,290.170013,290.170013,17186200,8/18/22,141.320007,142.770004,140.380005,142.300003,142.300003,37458700,8/18/22,174.339996,175.759995,171.860001,174.660004,174.660004,18844500,8/18/22,120.230003,121.690002,119.550003,120.860001,120.860001,15652000,8/18/22,173.75,174.899994,173.119995,174.149994,173.861588,62290100
8/19/22,288.899994,289.25,285.559998,286.149994,286.149994,20570000,8/19/22,140.470001,141.110001,137.910004,138.229996,138.229996,47792800,8/19/22,170.199997,172.320007,167.050003,167.960007,167.960007,26240800,8/19/22,119.870003,120,117.669998,118.120003,118.120003,20187000,8/19/22,173.029999,173.740005,171.309998,171.520004,171.235947,70346300
8/22/22,282.079987,282.459991,277.220001,277.75,277.75,25061100,8/22/22,135.720001,136.320007,132.850006,133.220001,133.220001,50461500,8/22/22,165.490005,165.490005,162.259995,163.050003,163.050003,19499700,8/22/22,116.099998,116.5,114.669998,115.07,115.07,19316000,8/22/22,169.690002,169.860001,167.139999,167.570007,167.292496,69026800
8/23/22,276.440002,278.859985,275.399994,276.440002,276.440002,17527400,8/23/22,133.410004,134.990005,132.949997,133.619995,133.619995,36252100,8/23/22,162.479996,165.050003,160.699997,161.110001,161.110001,18111800,8/23/22,114.32,115.93,114.300003,114.769997,114.769997,14390700,8/23/22,167.080002,168.710007,166.649994,167.229996,166.953049,54147100
8/24/22,275.410004,277.230011,275.109985,275.790009,275.790009,18137000,8/24/22,132.75,135.470001,132.100006,133.800003,133.800003,38627000,8/24/22,160.600006,165.460007,159.770004,163.259995,163.259995,20891500,8/24/22,114.449997,115.717003,113.779999,114.699997,114.699997,16051200,8/24/22,167.320007,168.110001,166.25,167.529999,167.252548,53841500
8/25/22,277.329987,279.019989,274.519989,278.850006,278.850006,16583400,8/25/22,135.259995,137.419998,134.279999,137.279999,137.279999,37496300,8/25/22,165.179993,168.880005,164.020004,168.779999,168.779999,15550500,8/25/22,115.150002,117.779999,115.050003,117.699997,117.699997,14874700,8/25/22,168.779999,170.139999,168.350006,170.029999,169.748413,51218200
8/26/22,279.079987,280.339996,267.980011,268.089996,268.089996,27549300,8/26/22,136.550003,137.830002,130.5,130.75,130.75,53322700,8/26/22,168.479996,170.919998,161.669998,161.779999,161.779999,24023600,8/26/22,115.809998,116.599998,111.220001,111.300003,111.300003,31698700,8/26/22,170.570007,171.050003,163.559998,163.619995,163.349014,78961000
8/29/22,265.850006,267.399994,263.850006,265.230011,265.230011,20338500,8/29/22,129.899994,131.949997,128.770004,129.789993,129.789993,48101600,8/29/22,160.660004,163.050003,159.009995,159.169998,159.169998,20052700,8/29/22,110.779999,111.959999,109.809998,110.339996,110.339996,20386100,8/29/22,161.149994,162.899994,159.820007,161.380005,161.112747,73314000
8/30/22,266.670013,267.049988,260.660004,262.970001,262.970001,22767100,8/30/22,131.25,132.070007,126.849998,128.729996,128.729996,49203000,8/30/22,160.350006,161.660004,155.910004,157.160004,157.160004,19567900,8/30/22,111.029999,111.370003,108.800003,109.910004,109.910004,20548200,8/30/22,162.130005,162.559998,157.720001,158.910004,158.646835,77906200
8/31/22,265.390015,267.109985,261.329987,261.470001,261.470001,24791800,8/31/22,129.449997,130.589996,126.739998,126.769997,126.769997,53648700,8/31/22,167.070007,167.839996,162.139999,162.929993,162.929993,40953000,8/31/22,111.629997,111.769997,109.050003,109.150002,109.150002,25898000,8/31/22,160.309998,160.580002,157.139999,157.220001,156.959625,87991100
9/1/22,258.869995,260.890015,255.410004,260.399994,260.399994,23263400,9/1/22,126,128.020004,123.660004,127.82,127.82,56636100,9/1/22,163.580002,167.360001,160.350006,165.360001,165.360001,30145700,9/1/22,109.199997,111.220001,108.190002,110.550003,110.550003,22784400,9/1/22,156.639999,158.419998,154.669998,157.960007,157.69841,74229900
9/2/22,261.700012,264.73999,254.470001,256.059998,256.059998,22841600,9/2/22,129.5,131.380005,126.389999,127.510002,127.510002,57378500,9/2/22,167.449997,167.929993,159.220001,160.320007,160.320007,22634200,9/2/22,111.339996,111.675003,108.129997,108.68,108.68,20618100,9/2/22,159.75,160.360001,154.970001,155.809998,155.551956,76905200
9/6/22,256.200012,257.829987,251.940002,253.25,253.25,21328200,9/6/22,127.919998,128.619995,124.739998,126.110001,126.110001,43888600,9/6/22,160.100006,161.690002,157.690002,158.539993,158.539993,19339800,9/6/22,108.135002,108.879997,106.510002,107.480003,107.480003,20565100,9/6/22,156.470001,157.089996,153.690002,154.529999,154.274078,73714800
9/7/22,254.699997,258.829987,253.220001,258.089996,258.089996,24126700,9/7/22,126.120003,129.820007,125.400002,129.479996,129.479996,47900300,9/7/22,157.759995,160.960007,156.809998,160.389999,160.389999,16831200,9/7/22,107.760002,110.989998,107.614998,110.480003,110.480003,22987200,9/7/22,154.820007,156.669998,153.610001,155.960007,155.701721,87449600
9/8/22,257.51001,260.429993,254.789993,258.519989,258.519989,20319900,9/8/22,127.720001,130.279999,127.099998,129.820007,129.820007,43988500,9/8/22,158.710007,162.229996,157.740005,162.059998,162.059998,22530800,9/8/22,109.18,110.580002,108.059998,109.419998,109.419998,21660700,9/8/22,154.639999,156.360001,152.679993,154.460007,154.204208,84923800
9/9/22,260.5,265.230011,260.290009,264.459991,264.459991,22084700,9/9/22,130.910004,133.690002,130.759995,133.270004,133.270004,49387600,9/9/22,163.25,169.539993,163.020004,169.149994,169.149994,22086800,9/9/22,110.050003,112,110,111.779999,111.779999,21732900,9/9/22,155.470001,157.820007,154.75,157.369995,157.109375,68028800
9/12/22,265.779999,267.450012,265.160004,266.649994,266.649994,18747700,9/12/22,134.100006,136.490005,134,136.449997,136.449997,53826900,9/12/22,167.389999,171.389999,167.279999,168.960007,168.960007,23220400,9/12/22,111.989998,112.639999,110.93,111.870003,111.870003,19732900,9/12/22,159.589996,164.259995,159.300003,163.429993,163.159332,104956000
9/13/22,258.839996,260.399994,251.589996,251.990005,251.990005,33353300,9/13/22,131.009995,131.399994,126.269997,126.82,126.82,72694000,9/13/22,161.539993,161.630005,152.669998,153.130005,153.130005,44444100,9/13/22,108.889999,109.370003,105,105.309998,105.309998,33015000,9/13/22,159.899994,160.539993,153.369995,153.839996,153.58522,122656600
9/14/22,253.529999,254.229996,249.860001,252.220001,252.220001,23913000,9/14/22,127.360001,128.839996,126.330002,128.550003,128.550003,45316800,9/14/22,153.330002,153.539993,149.050003,151.470001,151.470001,43064200,9/14/22,105.440002,106.099998,104.5,105.870003,105.870003,22115800,9/14/22,154.789993,157.100006,153.610001,155.309998,155.05278,87965400
9/15/22,249.770004,251.399994,244.020004,245.380005,245.380005,31530900,9/15/22,127.379997,130.369995,125.5,126.279999,126.279999,52887200,9/15/22,149.800003,154.199997,148.699997,149.550003,149.550003,34606300,9/15/22,105.010002,106.209999,103.309998,103.900002,103.900002,26494900,9/15/22,154.649994,155.240005,151.380005,152.369995,152.117645,90481100
9/16/22,244.259995,245.300003,242.059998,244.740005,244.740005,39775100,9/16/22,122.779999,123.870003,120.699997,123.529999,123.529999,115612500,9/16/22,148.050003,148.580002,144.289993,146.289993,146.289993,40122800,9/16/22,102.970001,104.029999,101.855003,103.629997,103.629997,64540100,9/16/22,151.210007,151.350006,148.369995,150.699997,150.450424,162157000
9/19/22,242.470001,245.139999,240.850006,244.520004,244.520004,26826900,9/19/22,122.160004,124.709999,121.800003,124.660004,124.660004,47279700,9/19/22,145.240005,148.580002,145.100006,148.020004,148.020004,22169500,9/19/22,102.540001,104.019997,102.370003,103.849998,103.849998,19738600,9/19/22,149.309998,154.559998,149.100006,154.479996,154.224152,81474200
9/20/22,242.070007,243.509995,239.639999,242.449997,242.449997,26660300,9/20/22,123.349998,124.400002,121.139999,122.190002,122.190002,47698400,9/20/22,145.779999,148.839996,145.220001,146.089996,146.089996,23217400,9/20/22,102.879997,103.169998,101.120003,101.830002,101.830002,24001700,9/20/22,153.399994,158.080002,153.080002,156.899994,156.640152,107689800
9/21/22,244.270004,247.660004,238.899994,238.949997,238.949997,28625600,9/21/22,122.489998,123.760002,118.449997,118.540001,118.540001,58498900,9/21/22,146.389999,149.600006,142,142.119995,142.119995,38338600,9/21/22,102.239998,103.489998,99.989998,100.010002,100.010002,26596800,9/21/22,157.339996,158.740005,153.600006,153.720001,153.465424,101696800
9/22/22,237.869995,243.860001,237.570007,240.979996,240.979996,31061200,9/22/22,117.080002,118.790001,116.260002,117.309998,117.309998,55229200,9/22/22,141.550003,144.580002,140.869995,142.820007,142.820007,34418500,9/22/22,99.449997,101.68,99.410004,100.57,100.57,21272700,9/22/22,152.380005,154.470001,150.910004,152.740005,152.487045,86652500
9/23/22,239.539993,241.130005,235.199997,237.919998,237.919998,34137200,9/23/22,116,116.050003,112.059998,113.779999,113.779999,65081200,9/23/22,141.419998,142.619995,138.889999,140.410004,140.410004,31710700,9/23/22,100.059998,100.110001,98.010002,99.169998,99.169998,25657000,9/23/22,151.190002,151.470001,148.559998,150.429993,150.180862,95939200
9/26/22,237.050003,241.449997,236.899994,237.449997,237.449997,27694200,9/26/22,113.300003,117.339996,113.129997,115.150002,115.150002,62723300,9/26/22,140.119995,142.240005,136.190002,136.369995,136.369995,30497000,9/26/22,98.610001,100.440002,98.379997,98.809998,98.809998,22437900,9/26/22,149.660004,153.770004,149.639999,150.770004,150.520309,93339400
9/27/22,239.979996,241.800003,234.5,236.410004,236.410004,27018700,9/27/22,117.199997,118.32,113.050003,114.410004,114.410004,60094700,9/27/22,137.919998,139.419998,134.119995,134.399994,134.399994,30826500,9/27/22,99.910004,100.459999,97.339996,98.089996,98.089996,24225000,9/27/22,152.740005,154.720001,149.949997,151.759995,151.508667,84442700
9/28/22,236.809998,242.330002,234.729996,241.070007,241.070007,29029700,9/28/22,114.379997,118.699997,113.800003,118.010002,118.010002,55763800,9/28/22,134.619995,142.029999,134.270004,141.610001,141.610001,32658500,9/28/22,98.019997,101.400002,97.800003,100.739998,100.739998,24617000,9/28/22,147.639999,150.639999,144.839996,149.839996,149.591843,146691400
9/29/22,238.889999,239.949997,234.410004,237.5,237.5,27484200,9/29/22,115.599998,116.07,113.059998,114.800003,114.800003,58969700,9/29/22,139.360001,139.839996,135.199997,136.410004,136.410004,38985400,9/29/22,99.300003,99.300003,96.519997,98.089996,98.089996,21921500,9/29/22,146.100006,146.720001,140.679993,142.479996,142.244034,128138200
9/30/22,238.289993,240.539993,232.729996,232.899994,232.899994,35671100,9/30/22,114.080002,116.919998,112.839996,113,113,59409800,9/30/22,136.050003,140.990005,135.5,135.679993,135.679993,33166400,9/30/22,97.730003,99.494003,96.029999,96.150002,96.150002,26277800,9/30/22,141.279999,143.100006,138,138.199997,137.971115,124705400
10/3/22,235.410004,241.610001,234.660004,240.740005,240.740005,28880400,10/3/22,113.580002,116.910004,112.449997,115.879997,115.879997,50941900,10/3/22,137.139999,139.619995,136.100006,138.610001,138.610001,27723100,10/3/22,97.220001,99.970001,97.019997,99.300003,99.300003,24840000,10/3/22,138.210007,143.070007,137.690002,142.449997,142.214081,114311700
10/4/22,245.089996,250.360001,244.979996,248.880005,248.880005,34888400,10/4/22,119.889999,123,119.790001,121.089996,121.089996,62812600,10/4/22,140.490005,142.389999,139.339996,140.279999,140.279999,34670700,10/4/22,101.040001,102.720001,101.040001,102.410004,102.410004,22580900,10/4/22,145.029999,146.220001,144.259995,146.100006,145.858047,87830100
10/5/22,245.990005,250.580002,244.100006,249.199997,249.199997,20347100,10/5/22,118.580002,121.75,117.690002,120.949997,120.949997,48217500,10/5/22,138.240005,140.210007,134.779999,138.979996,138.979996,27979300,10/5/22,100.690002,102.739998,99.739998,102.220001,102.220001,18475500,10/5/22,144.070007,147.380005,143.009995,146.399994,146.157532,79471000
10/6/22,247.929993,250.339996,246.080002,246.789993,246.789993,20239900,10/6/22,120.769997,121.529999,119.5,120.300003,120.300003,42253800,10/6/22,137.720001,141.449997,136.600006,139.070007,139.070007,36231100,10/6/22,101.5,103.730003,101.5,102.239998,102.239998,17156200,10/6/22,145.809998,147.539993,145.220001,145.429993,145.189148,68402200
10/7/22,240.899994,241.320007,233.169998,234.240005,234.240005,37732400,10/7/22,118,118.169998,113.879997,114.559998,114.559998,54626400,10/7/22,136.759995,138.289993,132.440002,133.449997,133.449997,33214800,10/7/22,100.650002,101.419998,99.209999,99.57,99.57,24249900,10/7/22,142.539993,143.100006,139.449997,140.089996,139.857986,85859100
10/10/22,233.050003,234.559998,226.729996,229.25,229.25,29743600,10/10/22,115.099998,116.25,112.43,113.669998,113.669998,42339700,10/10/22,133.550003,136.110001,131.869995,133.789993,133.789993,24024000,10/10/22,99.849998,99.989998,97.870003,98.709999,98.709999,16529900,10/10/22,140.419998,141.889999,138.570007,140.419998,140.187439,74899000
10/11/22,227.619995,229.059998,224.110001,225.410004,225.410004,30474000,10/11/22,112.709999,115.480003,110.389999,112.209999,112.209999,56432200,10/11/22,131.619995,132.660004,126.989998,128.539993,128.539993,38481400,10/11/22,98.25,100.120003,97.25,98.050003,98.050003,21617700,10/11/22,139.899994,141.350006,138.220001,138.979996,138.749832,77033700
10/12/22,225.399994,227.860001,223.960007,225.75,225.75,21903900,10/12/22,112.489998,113.830002,111.400002,112.900002,112.900002,45728700,10/12/22,128.320007,129.669998,126.25,127.5,127.5,34605200,10/12/22,98.269997,99.648003,97.669998,98.300003,98.300003,17343400,10/12/22,139.130005,140.360001,138.160004,138.339996,138.110886,70433700
10/13/22,219.850006,236.100006,219.130005,234.240005,234.240005,42551800,10/13/22,107.879997,113.440002,105.349998,112.529999,112.529999,86868100,10/13/22,123.529999,131.139999,122.529999,130.289993,130.289993,34325700,10/13/22,95.93,100.529999,95.269997,99.709999,99.709999,32812200,10/13/22,134.990005,143.589996,134.369995,142.990005,142.753204,113224000
10/14/22,235.539993,237.240005,228.339996,228.559998,228.559998,30187200,10/14/22,114.099998,114.959999,106.599998,106.900002,106.900002,67651200,10/14/22,131,131.789993,126.519997,126.760002,126.760002,23559400,10/14/22,100.625,101.290001,97.029999,97.18,97.18,22624800,10/14/22,144.309998,144.520004,138.190002,138.380005,138.150833,88512300
10/17/22,235.820007,238.960007,235.139999,237.529999,237.529999,28142300,10/17/22,110.110001,114.190002,110.089996,113.790001,113.790001,62782000,10/17/22,130.300003,134.789993,130.179993,134.039993,134.039993,29612200,10/17/22,99.519997,101.769997,99.510002,100.779999,100.779999,23311600,10/17/22,141.070007,142.899994,140.270004,142.410004,142.174164,85250900
10/18/22,243.240005,243.929993,235.369995,238.5,238.5,26329600,10/18/22,119.059998,119.519997,114.790001,116.360001,116.360001,65607400,10/18/22,137.089996,137.839996,131.399994,132.800003,132.800003,25445000,10/18/22,103.940002,104.220001,100.650002,101.389999,101.389999,21610500,10/18/22,145.490005,146.699997,140.610001,143.75,143.511932,99136600
10/19/22,237.039993,239.610001,234.289993,236.479996,236.479996,19985700,10/19/22,114.709999,116.589996,113.220001,115.07,115.07,47198100,10/19/22,132.889999,137,132.220001,133.229996,133.229996,30691000,10/19/22,100.699997,101.658997,99.635002,100.290001,100.290001,21573700,10/19/22,141.690002,144.949997,141.5,143.860001,143.62175,61758300
10/20/22,235.770004,241.309998,234.869995,236.149994,236.149994,21811000,10/20/22,113.830002,118.239998,113.510002,115.25,115.25,48795100,10/20/22,132.929993,136.770004,131.309998,131.529999,131.529999,26356300,10/20/22,100.82,103,99.970001,100.529999,100.529999,25125100,10/20/22,143.020004,145.889999,142.649994,143.389999,143.152527,64522000
10/21/22,234.740005,243,234.5,242.119995,242.119995,26280900,10/21/22,114.790001,119.589996,114.5,119.32,119.32,55611900,10/21/22,126.309998,130.119995,125.440002,130.009995,130.009995,46348600,10/21/22,98.459999,101.620003,98.230003,101.480003,101.480003,28988700,10/21/22,142.869995,147.850006,142.649994,147.270004,147.026108,86464700
10/24/22,243.759995,247.839996,241.300003,247.25,247.25,24911200,10/24/22,119.980003,120.389999,116.57,119.82,119.82,49531500,10/24/22,127.25,133.479996,124.57,129.720001,129.720001,63563400,10/24/22,102.089996,103.099998,100.300003,102.970001,102.970001,24680800,10/24/22,147.190002,150.229996,146,149.449997,149.202484,75981900
10/25/22,247.259995,251.039993,245.830002,250.660004,250.660004,34775500,10/25/22,119.650002,121.32,118.949997,120.599998,120.599998,50934600,10/25/22,130.880005,138.350006,130.589996,137.509995,137.509995,38433200,10/25/22,103.300003,105.099998,103.019997,104.93,104.93,29910200,10/25/22,150.089996,152.490005,149.360001,152.339996,152.087708,74732300
10/26/22,231.169998,238.300003,230.059998,231.320007,231.320007,82543200,10/26/22,116,119.349998,114.760002,115.660004,115.660004,68802300,10/26/22,131.679993,135.550003,128.529999,129.820007,129.820007,82791500,10/26/22,96.760002,98.540001,94.57,94.82,94.82,71504300,10/26/22,150.960007,151.990005,148.039993,149.350006,149.102661,88194300
10/27/22,231.039993,233.690002,225.779999,226.75,226.75,40424600,10/27/22,113.919998,114.120003,109.769997,110.959999,110.959999,129605400,10/27/22,97.980003,102.5,96.379997,97.940002,97.940002,232316600,10/27/22,94.309998,95.169998,91.900002,92.599998,92.599998,54036500,10/27/22,148.070007,149.050003,144.130005,144.800003,144.560196,109180200
10/28/22,226.240005,236.600006,226.050003,235.869995,235.869995,40647700,10/28/22,97.910004,103.959999,97.660004,103.410004,103.410004,223133400,10/28/22,99.580002,100.849998,97.510002,99.199997,99.199997,95928300,10/28/22,92.529999,96.860001,92.322998,96.580002,96.580002,35696900,10/28/22,148.199997,157.5,147.820007,155.740005,155.482086,164762400
10/31/22,233.759995,234.919998,231.149994,232.130005,232.130005,28357300,10/31/22,103.559998,104.870003,100.739998,102.440002,102.440002,99251400,10/31/22,98.220001,99.32,92.599998,93.160004,93.160004,121361400,10/31/22,95.779999,96.349998,94.379997,94.660004,94.660004,29868700,10/31/22,153.160004,154.240005,151.919998,153.339996,153.086044,97943200
11/1/22,234.600006,235.740005,227.330002,228.169998,228.169998,30592300,11/1/22,103.989998,104.580002,96.059998,96.790001,96.790001,153370000,11/1/22,94.330002,97.489998,93.550003,95.199997,95.199997,110189600,11/1/22,95.589996,96.165001,90.43,90.5,90.5,43220600,11/1/22,155.080002,155.449997,149.130005,150.649994,150.400497,80379300
11/2/22,229.460007,231.300003,220.039993,220.100006,220.100006,38407000,11/2/22,97.32,97.739998,92.010002,92.120003,92.120003,135761800,11/2/22,94.209999,95.199997,90.480003,90.540001,90.540001,71821100,11/2/22,90.910004,91.300003,87.010002,87.07,87.07,43553600,11/2/22,148.949997,152.169998,145,145.029999,144.78981,93604600
11/3/22,220.089996,220.410004,213.979996,214.25,214.25,36633900,11/3/22,92.470001,93.5,89.019997,89.300003,89.300003,136683300,11/3/22,90.080002,90.459999,88.410004,88.910004,88.910004,60664000,11/3/22,86.345001,86.550003,83.449997,83.489998,83.489998,48510400,11/3/22,142.059998,142.800003,138.75,138.880005,138.650009,97918500
11/4/22,217.550003,221.589996,213.429993,221.389999,221.389999,36767800,11/4/22,91.489998,92.440002,88.040001,90.980003,90.980003,128999900,11/4/22,90.349998,91.389999,88.089996,90.790001,90.790001,55577500,11/4/22,85.510002,86.730003,83.879997,86.699997,86.699997,40155100,11/4/22,142.089996,142.669998,134.380005,138.380005,138.380005,140716700
11/7/22,221.990005,228.410004,221.279999,227.869995,227.869995,33498000,11/7/22,91.949997,92.099998,89.040001,90.529999,90.529999,77495700,11/7/22,94.779999,96.879997,93.099998,96.720001,96.720001,81987300,11/7/22,87.339996,88.940002,86.959999,88.650002,88.650002,26899900,11/7/22,137.110001,139.149994,135.669998,138.919998,138.919998,83374600
11/8/22,228.699997,231.649994,225.839996,228.869995,228.869995,28192500,11/8/22,90.790001,91.720001,88.230003,89.980003,89.980003,88703400,11/8/22,95.919998,97.800003,94.790001,96.470001,96.470001,52088300,11/8/22,89.160004,90.404999,87.650002,88.910004,88.910004,30172000,11/8/22,140.410004,141.429993,137.490005,139.5,139.5,89908500
11/9/22,227.369995,228.632706,224.330002,224.509995,224.509995,24694859,11/9/22,89.470001,89.480003,85.870003,86.139999,86.139999,88545252,11/9/22,101.720001,104.900002,100.900002,101.470001,101.470001,107419598,11/9/22,88.544998,89.489998,87.359901,87.400002,87.400002,24000445,11/9/22,138.5,138.539993,134.593307,134.869995,134.869995,74686204